M_HBUSREQ,M_HADDR,M_HTRANS,M_HSIZE,M_HBURST,M_HPROT,M_HLOCK,M_HWRITE,M_HWDATA
0,320,0,0,0,0,0,0,2529
0,267,0,0,0,0,0,0,2916
0,85,0,0,0,0,0,0,4010
0,324,0,0,0,0,0,0,2173
0,118,0,0,0,0,0,0,1431
0,323,0,0,0,0,0,0,2729
0,159,0,0,0,0,0,0,4549
0,287,0,0,0,0,0,0,4942
0,134,0,0,0,0,0,0,3648
0,262,0,0,0,0,0,0,662
0,214,0,0,0,0,0,0,2441
0,36,0,0,0,0,0,0,2234
0,243,0,0,0,0,0,0,442
0,94,0,0,0,0,0,0,3959
0,332,0,0,0,0,0,0,36
0,94,0,0,0,0,0,0,4047
0,49,0,0,0,0,0,0,3239
0,123,0,0,0,0,0,0,717
0,218,0,0,0,0,0,0,1810
0,313,0,0,0,0,0,0,1492
0,63,0,0,0,0,0,0,1925
0,288,0,0,0,0,0,0,1124
0,158,0,0,0,0,0,0,4536
0,45,0,0,0,0,0,0,2976
0,197,0,0,0,0,0,0,4136
0,212,0,0,0,0,0,0,1208
0,165,0,0,0,0,0,0,2736
0,230,0,0,0,0,0,0,239
0,178,0,0,0,0,0,0,3109
0,86,0,0,0,0,0,0,1869
0,305,0,0,0,0,0,0,432
0,276,0,0,0,0,0,0,1667
0,200,0,0,0,0,0,0,4982
0,20,0,0,0,0,0,0,323
0,196,0,0,0,0,0,0,3772
0,41,0,0,0,0,0,0,971
0,280,0,0,0,0,0,0,2962
0,321,0,0,0,0,0,0,4876
0,120,0,0,0,0,0,0,1767
0,397,0,0,0,0,0,0,2927
0,77,0,0,0,0,0,0,4079
0,280,0,0,0,0,0,0,4940
0,207,0,0,0,0,0,0,4395
0,390,0,0,0,0,0,0,1961
0,31,0,0,0,0,0,0,2630
0,319,0,0,0,0,0,0,4747
0,77,0,0,0,0,0,0,4036
0,374,0,0,0,0,0,0,2093
0,28,0,0,0,0,0,0,249
0,345,0,0,0,0,0,0,3216
0,270,0,0,0,0,0,0,2617
0,213,0,0,0,0,0,0,349
0,280,0,0,0,0,0,0,3861
0,191,0,0,0,0,0,0,88
0,146,0,0,0,0,0,0,4555
0,275,0,0,0,0,0,0,2709
0,13,0,0,0,0,0,0,4152
0,195,0,0,0,0,0,0,3022
0,154,0,0,0,0,0,0,8
0,304,0,0,0,0,0,0,3935
0,324,0,0,0,0,0,0,3327
0,41,0,0,0,0,0,0,3157
0,254,0,0,0,0,0,0,512
0,330,0,0,0,0,0,0,548
0,207,0,0,0,0,0,0,1970
0,66,0,0,0,0,0,0,4914
0,45,0,0,0,0,0,0,2236
0,366,0,0,0,0,0,0,2571
0,288,0,0,0,0,0,0,3922
0,201,0,0,0,0,0,0,4243
0,65,0,0,0,0,0,0,459
0,343,0,0,0,0,0,0,1620
0,46,0,0,0,0,0,0,1338
0,186,0,0,0,0,0,0,504
0,175,0,0,0,0,0,0,153
0,195,0,0,0,0,0,0,2771
0,237,0,0,0,0,0,0,2389
0,312,0,0,0,0,0,0,3252
0,374,0,0,0,0,0,0,2333
0,82,0,0,0,0,0,0,1416
0,7,0,0,0,0,0,0,176
0,158,0,0,0,0,0,0,171
0,79,0,0,0,0,0,0,2241
0,2,0,0,0,0,0,0,2770
0,389,0,0,0,0,0,0,1969
0,116,0,0,0,0,0,0,1050
0,114,0,0,0,0,0,0,2475
0,103,0,0,0,0,0,0,2499
0,214,0,0,0,0,0,0,4839
0,375,0,0,0,0,0,0,4496
0,90,0,0,0,0,0,0,2624
0,93,0,0,0,0,0,0,3949
0,34,0,0,0,0,0,0,2883
0,99,0,0,0,0,0,0,4506
0,73,0,0,0,0,0,0,1594
0,311,0,0,0,0,0,0,3092
0,155,0,0,0,0,0,0,981
0,235,0,0,0,0,0,0,676
0,151,0,0,0,0,0,0,1065
0,115,0,0,0,0,0,0,1977
0,394,0,0,0,0,0,0,3024
0,310,0,0,0,0,0,0,2987
0,364,0,0,0,0,0,0,197
0,178,0,0,0,0,0,0,2773
0,218,0,0,0,0,0,0,685
0,252,0,0,0,0,0,0,4554
0,62,0,0,0,0,0,0,2790
0,397,0,0,0,0,0,0,1002
0,30,0,0,0,0,0,0,2346
0,263,0,0,0,0,0,0,717
0,169,0,0,0,0,0,0,2118
0,141,0,0,0,0,0,0,4966
0,32,0,0,0,0,0,0,1110
0,165,0,0,0,0,0,0,3589
0,146,0,0,0,0,0,0,2412
0,22,0,0,0,0,0,0,2794
0,172,0,0,0,0,0,0,2185
0,301,0,0,0,0,0,0,891
0,150,0,0,0,0,0,0,3547
0,353,0,0,0,0,0,0,3082
0,109,0,0,0,0,0,0,4578
0,37,0,0,0,0,0,0,3213
0,218,0,0,0,0,0,0,2927
0,391,0,0,0,0,0,0,2375
0,313,0,0,0,0,0,0,1101
0,70,0,0,0,0,0,0,4920
0,206,0,0,0,0,0,0,1377
0,26,0,0,0,0,0,0,3093
0,295,0,0,0,0,0,0,4467
0,360,0,0,0,0,0,0,4778
0,197,0,0,0,0,0,0,2153
0,129,0,0,0,0,0,0,1586
0,217,0,0,0,0,0,0,1954
0,204,0,0,0,0,0,0,2312
0,269,0,0,0,0,0,0,4152
0,150,0,0,0,0,0,0,3972
0,139,0,0,0,0,0,0,301
0,371,0,0,0,0,0,0,3947
0,40,0,0,0,0,0,0,3501
0,139,0,0,0,0,0,0,2743
0,153,0,0,0,0,0,0,3725
0,172,0,0,0,0,0,0,2321
0,315,0,0,0,0,0,0,239
0,222,0,0,0,0,0,0,2836
0,338,0,0,0,0,0,0,4197
0,279,0,0,0,0,0,0,916
0,80,0,0,0,0,0,0,4781
0,184,0,0,0,0,0,0,1949
0,131,0,0,0,0,0,0,1467
0,318,0,0,0,0,0,0,619
0,252,0,0,0,0,0,0,2875
0,209,0,0,0,0,0,0,1326
0,167,0,0,0,0,0,0,1734
0,66,0,0,0,0,0,0,4823
0,130,0,0,0,0,0,0,907
0,62,0,0,0,0,0,0,3999
0,362,0,0,0,0,0,0,4857
0,134,0,0,0,0,0,0,2438
0,143,0,0,0,0,0,0,3064
0,61,0,0,0,0,0,0,3505
0,182,0,0,0,0,0,0,1409
0,205,0,0,0,0,0,0,4558
0,332,0,0,0,0,0,0,3271
0,77,0,0,0,0,0,0,4571
0,300,0,0,0,0,0,0,176
0,113,0,0,0,0,0,0,3547
0,315,0,0,0,0,0,0,2865
0,390,0,0,0,0,0,0,1848
0,278,0,0,0,0,0,0,572
0,135,0,0,0,0,0,0,4326
0,139,0,0,0,0,0,0,692
0,160,0,0,0,0,0,0,2070
0,172,0,0,0,0,0,0,1048
0,338,0,0,0,0,0,0,1951
0,234,0,0,0,0,0,0,3253
0,176,0,0,0,0,0,0,1974
0,220,0,0,0,0,0,0,4969
0,31,0,0,0,0,0,0,3672
0,259,0,0,0,0,0,0,1089
0,198,0,0,0,0,0,0,4813
0,146,0,0,0,0,0,0,1959
0,211,0,0,0,0,0,0,2077
0,65,0,0,0,0,0,0,75
0,199,0,0,0,0,0,0,1003
0,206,0,0,0,0,0,0,1630
0,306,0,0,0,0,0,0,4500
0,115,0,0,0,0,0,0,4766
0,393,0,0,0,0,0,0,1124
0,144,0,0,0,0,0,0,581
0,252,0,0,0,0,0,0,1286
0,392,0,0,0,0,0,0,1866
0,81,0,0,0,0,0,0,1137
0,271,0,0,0,0,0,0,81
0,107,0,0,0,0,0,0,3197
0,288,0,0,0,0,0,0,91
0,118,0,0,0,0,0,0,4368
0,216,0,0,0,0,0,0,1599
0,129,0,0,0,0,0,0,4133
0,308,0,0,0,0,0,0,2081
0,124,0,0,0,0,0,0,2004
0,244,0,0,0,0,0,0,2212
0,220,0,0,0,0,0,0,600
0,46,0,0,0,0,0,0,1621
0,274,0,0,0,0,0,0,4337
0,360,0,0,0,0,0,0,4124
0,170,0,0,0,0,0,0,1606
0,177,0,0,0,0,0,0,203
0,360,0,0,0,0,0,0,2700
0,31,0,0,0,0,0,0,1523
0,335,0,0,0,0,0,0,3389
0,82,0,0,0,0,0,0,3785
0,193,0,0,0,0,0,0,941
0,164,0,0,0,0,0,0,3837
0,275,0,0,0,0,0,0,2994
0,227,0,0,0,0,0,0,239
0,113,0,0,0,0,0,0,968
0,337,0,0,0,0,0,0,840
0,390,0,0,0,0,0,0,4754
0,170,0,0,0,0,0,0,3567
0,284,0,0,0,0,0,0,1000
0,241,0,0,0,0,0,0,4891
0,181,0,0,0,0,0,0,4325
0,215,0,0,0,0,0,0,2305
0,63,0,0,0,0,0,0,2729
0,126,0,0,0,0,0,0,2280
0,45,0,0,0,0,0,0,3473
0,20,0,0,0,0,0,0,1668
0,243,0,0,0,0,0,0,3925
0,67,0,0,0,0,0,0,437
0,114,0,0,0,0,0,0,372
0,118,0,0,0,0,0,0,1273
0,372,0,0,0,0,0,0,2512
0,30,0,0,0,0,0,0,2710
0,24,0,0,0,0,0,0,1634
0,7,0,0,0,0,0,0,2729
0,100,0,0,0,0,0,0,3431
0,203,0,0,0,0,0,0,4849
0,152,0,0,0,0,0,0,291
0,39,0,0,0,0,0,0,2632
0,159,0,0,0,0,0,0,508
0,164,0,0,0,0,0,0,3532
0,362,0,0,0,0,0,0,699
0,223,0,0,0,0,0,0,2809
0,154,0,0,0,0,0,0,809
0,387,0,0,0,0,0,0,2117
0,343,0,0,0,0,0,0,127
0,212,0,0,0,0,0,0,2281
0,231,0,0,0,0,0,0,3277
0,107,0,0,0,0,0,0,4138
0,91,0,0,0,0,0,0,1979
0,230,0,0,0,0,0,0,41
0,357,0,0,0,0,0,0,4447
0,320,0,0,0,0,0,0,4204
0,24,0,0,0,0,0,0,4599
0,338,0,0,0,0,0,0,658
0,347,0,0,0,0,0,0,3928
0,329,0,0,0,0,0,0,3812
0,22,0,0,0,0,0,0,1773
0,223,0,0,0,0,0,0,4852
0,260,0,0,0,0,0,0,180
0,131,0,0,0,0,0,0,263
0,138,0,0,0,0,0,0,2372
0,224,0,0,0,0,0,0,2117
0,138,0,0,0,0,0,0,474
0,282,0,0,0,0,0,0,2350
0,368,0,0,0,0,0,0,3574
0,393,0,0,0,0,0,0,2911
0,60,0,0,0,0,0,0,305
0,384,0,0,0,0,0,0,3326
0,149,0,0,0,0,0,0,3239
0,372,0,0,0,0,0,0,4810
0,259,0,0,0,0,0,0,3931
0,46,0,0,0,0,0,0,1739
0,396,0,0,0,0,0,0,3134
0,296,0,0,0,0,0,0,1586
0,364,0,0,0,0,0,0,2500
0,198,0,0,0,0,0,0,1893
0,250,0,0,0,0,0,0,2952
0,85,0,0,0,0,0,0,3475
0,48,0,0,0,0,0,0,2173
0,156,0,0,0,0,0,0,4923
0,134,0,0,0,0,0,0,996
0,198,0,0,0,0,0,0,2735
0,259,0,0,0,0,0,0,4723
0,396,0,0,0,0,0,0,2029
0,230,0,0,0,0,0,0,4562
0,74,0,0,0,0,0,0,758
0,287,0,0,0,0,0,0,3999
0,297,0,0,0,0,0,0,1844
0,177,0,0,0,0,0,0,3536
0,258,0,0,0,0,0,0,3492
0,327,0,0,0,0,0,0,1242
0,129,0,0,0,0,0,0,4062
0,113,0,0,0,0,0,0,3213
0,340,0,0,0,0,0,0,611
0,34,0,0,0,0,0,0,2532
0,280,0,0,0,0,0,0,1003
0,167,0,0,0,0,0,0,3545
0,374,0,0,0,0,0,0,3320
0,347,0,0,0,0,0,0,2703
0,62,0,0,0,0,0,0,1358
0,168,0,0,0,0,0,0,1595
0,389,0,0,0,0,0,0,3961
0,258,0,0,0,0,0,0,392
0,52,0,0,0,0,0,0,1117
0,234,0,0,0,0,0,0,4738
0,245,0,0,0,0,0,0,1896
0,349,0,0,0,0,0,0,4652
0,64,0,0,0,0,0,0,350
0,347,0,0,0,0,0,0,340
0,208,0,0,0,0,0,0,2792
0,318,0,0,0,0,0,0,1164
0,392,0,0,0,0,0,0,905
0,220,0,0,0,0,0,0,2464
0,157,0,0,0,0,0,0,3359
0,108,0,0,0,0,0,0,4420
0,152,0,0,0,0,0,0,2420
0,305,0,0,0,0,0,0,4268
0,97,0,0,0,0,0,0,1989
0,52,0,0,0,0,0,0,1593
0,179,0,0,0,0,0,0,1992
0,200,0,0,0,0,0,0,3988
0,184,0,0,0,0,0,0,4510
0,212,0,0,0,0,0,0,3578
0,330,0,0,0,0,0,0,4118
0,366,0,0,0,0,0,0,4815
0,30,0,0,0,0,0,0,1312
0,298,0,0,0,0,0,0,414
0,292,0,0,0,0,0,0,1582
0,322,0,0,0,0,0,0,1696
0,82,0,0,0,0,0,0,966
0,108,0,0,0,0,0,0,4665
0,276,0,0,0,0,0,0,3797
0,194,0,0,0,0,0,0,3955
0,121,0,0,0,0,0,0,1053
0,325,0,0,0,0,0,0,427
0,305,0,0,0,0,0,0,4031
0,162,0,0,0,0,0,0,4088
0,265,0,0,0,0,0,0,4732
0,270,0,0,0,0,0,0,1253
0,35,0,0,0,0,0,0,2971
0,389,0,0,0,0,0,0,655
0,266,0,0,0,0,0,0,1168
0,141,0,0,0,0,0,0,4324
0,277,0,0,0,0,0,0,3616
0,218,0,0,0,0,0,0,4903
0,108,0,0,0,0,0,0,4953
0,102,0,0,0,0,0,0,2333
0,68,0,0,0,0,0,0,952
0,222,0,0,0,0,0,0,3841
0,101,0,0,0,0,0,0,2137
0,351,0,0,0,0,0,0,4863
0,214,0,0,0,0,0,0,213
0,310,0,0,0,0,0,0,2663
0,278,0,0,0,0,0,0,2284
0,205,0,0,0,0,0,0,1166
0,153,0,0,0,0,0,0,4118
0,41,0,0,0,0,0,0,1235
0,328,0,0,0,0,0,0,3051
0,40,0,0,0,0,0,0,827
0,244,0,0,0,0,0,0,1793
0,132,0,0,0,0,0,0,364
0,88,0,0,0,0,0,0,3453
0,198,0,0,0,0,0,0,1487
0,334,0,0,0,0,0,0,4320
0,266,0,0,0,0,0,0,3682
0,126,0,0,0,0,0,0,4615
0,16,0,0,0,0,0,0,2064
0,322,0,0,0,0,0,0,3466
0,77,0,0,0,0,0,0,3080
0,377,0,0,0,0,0,0,3916
0,287,0,0,0,0,0,0,949
0,315,0,0,0,0,0,0,1025
0,292,0,0,0,0,0,0,3955
0,264,0,0,0,0,0,0,2914
0,320,0,0,0,0,0,0,2268
0,97,0,0,0,0,0,0,2562
0,153,0,0,0,0,0,0,4631
0,206,0,0,0,0,0,0,3519
0,85,0,0,0,0,0,0,718
0,26,0,0,0,0,0,0,366
0,6,0,0,0,0,0,0,3655
0,369,0,0,0,0,0,0,1079
0,30,0,0,0,0,0,0,730
0,140,0,0,0,0,0,0,3324
0,44,0,0,0,0,0,0,4435
0,33,0,0,0,0,0,0,1929
0,101,0,0,0,0,0,0,4886
0,200,0,0,0,0,0,0,3498
0,131,0,0,0,0,0,0,2203
0,124,0,0,0,0,0,0,1442
0,114,0,0,0,0,0,0,3277
0,40,0,0,0,0,0,0,1801
0,22,0,0,0,0,0,0,4869
0,78,0,0,0,0,0,0,3199
0,155,0,0,0,0,0,0,3526
0,319,0,0,0,0,0,0,2589
0,367,0,0,0,0,0,0,544
0,138,0,0,0,0,0,0,2695
0,295,0,0,0,0,0,0,307
0,19,0,0,0,0,0,0,2548
0,360,0,0,0,0,0,0,2765
0,202,0,0,0,0,0,0,3511
0,307,0,0,0,0,0,0,3980
0,181,0,0,0,0,0,0,328
0,126,0,0,0,0,0,0,4079
0,247,0,0,0,0,0,0,2863
0,137,0,0,0,0,0,0,3202
0,210,0,0,0,0,0,0,1846
0,17,0,0,0,0,0,0,1512
0,190,0,0,0,0,0,0,3315
0,107,0,0,0,0,0,0,4863
0,46,0,0,0,0,0,0,1367
0,297,0,0,0,0,0,0,1080
0,231,0,0,0,0,0,0,1975
0,82,0,0,0,0,0,0,1147
0,365,0,0,0,0,0,0,3652
0,63,0,0,0,0,0,0,3085
0,86,0,0,0,0,0,0,1093
0,392,0,0,0,0,0,0,716
0,225,0,0,0,0,0,0,830
0,266,0,0,0,0,0,0,540
0,189,0,0,0,0,0,0,256
0,129,0,0,0,0,0,0,2941
0,222,0,0,0,0,0,0,12
0,92,0,0,0,0,0,0,2879
0,263,0,0,0,0,0,0,64
0,343,0,0,0,0,0,0,2717
0,138,0,0,0,0,0,0,1298
0,200,0,0,0,0,0,0,593
0,237,0,0,0,0,0,0,4226
0,81,0,0,0,0,0,0,24
0,164,0,0,0,0,0,0,1944
0,50,0,0,0,0,0,0,3882
0,289,0,0,0,0,0,0,3384
0,194,0,0,0,0,0,0,81
0,130,0,0,0,0,0,0,2824
0,296,0,0,0,0,0,0,4512
0,239,0,0,0,0,0,0,2681
0,265,0,0,0,0,0,0,3664
0,298,0,0,0,0,0,0,2711
0,330,0,0,0,0,0,0,2978
0,350,0,0,0,0,0,0,1914
0,11,0,0,0,0,0,0,1812
0,354,0,0,0,0,0,0,3239
0,153,0,0,0,0,0,0,3206
0,196,0,0,0,0,0,0,3920
0,129,0,0,0,0,0,0,1197
0,218,0,0,0,0,0,0,3577
0,123,0,0,0,0,0,0,3667
0,40,0,0,0,0,0,0,3809
0,229,0,0,0,0,0,0,3044
0,215,0,0,0,0,0,0,2516
0,256,0,0,0,0,0,0,956
0,361,0,0,0,0,0,0,4075
0,358,0,0,0,0,0,0,4328
0,2,0,0,0,0,0,0,2263
0,297,0,0,0,0,0,0,3895
0,211,0,0,0,0,0,0,2464
0,205,0,0,0,0,0,0,970
0,168,0,0,0,0,0,0,3514
0,364,0,0,0,0,0,0,1437
0,163,0,0,0,0,0,0,767
0,390,0,0,0,0,0,0,2175
0,71,0,0,0,0,0,0,1024
0,329,0,0,0,0,0,0,398
0,359,0,0,0,0,0,0,2288
0,334,0,0,0,0,0,0,95
0,396,0,0,0,0,0,0,3017
0,95,0,0,0,0,0,0,4186
0,10,0,0,0,0,0,0,1918
0,265,0,0,0,0,0,0,1813
0,169,0,0,0,0,0,0,1565
0,114,0,0,0,0,0,0,998
0,79,0,0,0,0,0,0,3945
0,340,0,0,0,0,0,0,4734
0,190,0,0,0,0,0,0,3927
0,202,0,0,0,0,0,0,2618
0,87,0,0,0,0,0,0,1795
0,191,0,0,0,0,0,0,1940
0,288,0,0,0,0,0,0,4186
0,118,0,0,0,0,0,0,306
0,113,0,0,0,0,0,0,861
0,279,0,0,0,0,0,0,356
0,244,0,0,0,0,0,0,3151
0,365,0,0,0,0,0,0,372
0,25,0,0,0,0,0,0,1140
0,156,0,0,0,0,0,0,3553
0,20,0,0,0,0,0,0,4451
0,136,0,0,0,0,0,0,2538
0,349,0,0,0,0,0,0,885
0,289,0,0,0,0,0,0,3762
0,368,0,0,0,0,0,0,3496
0,337,0,0,0,0,0,0,2671
0,56,0,0,0,0,0,0,4440
0,282,0,0,0,0,0,0,1141
0,316,0,0,0,0,0,0,146
0,337,0,0,0,0,0,0,1826
0,17,0,0,0,0,0,0,1050
0,35,0,0,0,0,0,0,4923
0,111,0,0,0,0,0,0,3503
0,334,0,0,0,0,0,0,2509
0,352,0,0,0,0,0,0,944
0,382,0,0,0,0,0,0,4959
0,168,0,0,0,0,0,0,4740
0,361,0,0,0,0,0,0,780
0,107,0,0,0,0,0,0,3253
0,287,0,0,0,0,0,0,4941
0,347,0,0,0,0,0,0,4806
0,245,0,0,0,0,0,0,1705
0,195,0,0,0,0,0,0,727
0,37,0,0,0,0,0,0,2584
0,136,0,0,0,0,0,0,2508
0,248,0,0,0,0,0,0,162
0,239,0,0,0,0,0,0,3433
0,166,0,0,0,0,0,0,3860
0,10,0,0,0,0,0,0,944
0,267,0,0,0,0,0,0,2589
0,140,0,0,0,0,0,0,3043
0,72,0,0,0,0,0,0,787
0,179,0,0,0,0,0,0,3687
0,132,0,0,0,0,0,0,24
0,320,0,0,0,0,0,0,1620
0,204,0,0,0,0,0,0,2745
0,273,0,0,0,0,0,0,1280
0,188,0,0,0,0,0,0,801
0,241,0,0,0,0,0,0,1337
0,234,0,0,0,0,0,0,1982
0,222,0,0,0,0,0,0,3102
0,297,0,0,0,0,0,0,3318
0,300,0,0,0,0,0,0,4403
0,177,0,0,0,0,0,0,3349
0,325,0,0,0,0,0,0,286
0,192,0,0,0,0,0,0,849
0,278,0,0,0,0,0,0,1860
0,36,0,0,0,0,0,0,2621
0,103,0,0,0,0,0,0,1960
0,284,0,0,0,0,0,0,1432
0,312,0,0,0,0,0,0,1484
0,143,0,0,0,0,0,0,3910
0,327,0,0,0,0,0,0,1301
0,36,0,0,0,0,0,0,4097
0,147,0,0,0,0,0,0,155
0,137,0,0,0,0,0,0,856
0,260,0,0,0,0,0,0,3509
0,387,0,0,0,0,0,0,1679
0,310,0,0,0,0,0,0,1271
0,382,0,0,0,0,0,0,2840
0,150,0,0,0,0,0,0,4121
0,38,0,0,0,0,0,0,3663
0,46,0,0,0,0,0,0,1649
0,137,0,0,0,0,0,0,2582
0,301,0,0,0,0,0,0,834
0,371,0,0,0,0,0,0,1778
0,275,0,0,0,0,0,0,3646
0,320,0,0,0,0,0,0,3357
0,51,0,0,0,0,0,0,61
0,292,0,0,0,0,0,0,4733
0,398,0,0,0,0,0,0,4949
0,297,0,0,0,0,0,0,1101
0,216,0,0,0,0,0,0,1961
0,356,0,0,0,0,0,0,2144
0,185,0,0,0,0,0,0,873
0,316,0,0,0,0,0,0,2249
0,175,0,0,0,0,0,0,3444
0,31,0,0,0,0,0,0,624
0,185,0,0,0,0,0,0,3631
0,148,0,0,0,0,0,0,2189
0,285,0,0,0,0,0,0,3097
0,349,0,0,0,0,0,0,4120
0,310,0,0,0,0,0,0,3772
0,310,0,0,0,0,0,0,74
0,199,0,0,0,0,0,0,3548
0,178,0,0,0,0,0,0,4099
0,246,0,0,0,0,0,0,95
0,371,0,0,0,0,0,0,4263
0,295,0,0,0,0,0,0,1815
0,131,0,0,0,0,0,0,2513
0,102,0,0,0,0,0,0,838
0,329,0,0,0,0,0,0,1869
0,113,0,0,0,0,0,0,223
0,319,0,0,0,0,0,0,452
0,215,0,0,0,0,0,0,4196
0,210,0,0,0,0,0,0,3286
0,202,0,0,0,0,0,0,4137
0,385,0,0,0,0,0,0,3912
0,365,0,0,0,0,0,0,3014
0,16,0,0,0,0,0,0,1933
0,373,0,0,0,0,0,0,3149
0,328,0,0,0,0,0,0,1632
0,330,0,0,0,0,0,0,2320
0,264,0,0,0,0,0,0,918
0,50,0,0,0,0,0,0,486
0,348,0,0,0,0,0,0,764
0,303,0,0,0,0,0,0,1579
0,321,0,0,0,0,0,0,4906
0,154,0,0,0,0,0,0,553
0,197,0,0,0,0,0,0,3714
0,392,0,0,0,0,0,0,1896
0,184,0,0,0,0,0,0,4451
0,29,0,0,0,0,0,0,390
0,344,0,0,0,0,0,0,2535
0,304,0,0,0,0,0,0,435
0,354,0,0,0,0,0,0,1521
0,357,0,0,0,0,0,0,855
0,360,0,0,0,0,0,0,248
0,386,0,0,0,0,0,0,390
0,21,0,0,0,0,0,0,1515
0,189,0,0,0,0,0,0,3128
0,86,0,0,0,0,0,0,1407
0,89,0,0,0,0,0,0,4925
0,131,0,0,0,0,0,0,2746
0,389,0,0,0,0,0,0,4338
0,47,0,0,0,0,0,0,2044
0,164,0,0,0,0,0,0,1390
0,179,0,0,0,0,0,0,3798
0,78,0,0,0,0,0,0,2967
0,152,0,0,0,0,0,0,3748
0,351,0,0,0,0,0,0,3478
0,368,0,0,0,0,0,0,4341
0,28,0,0,0,0,0,0,4250
0,14,0,0,0,0,0,0,3876
0,137,0,0,0,0,0,0,2291
0,227,0,0,0,0,0,0,1363
0,191,0,0,0,0,0,0,2169
0,375,0,0,0,0,0,0,319
0,269,0,0,0,0,0,0,4585
0,306,0,0,0,0,0,0,3780
0,263,0,0,0,0,0,0,2718
0,81,0,0,0,0,0,0,4210
0,132,0,0,0,0,0,0,3133
0,153,0,0,0,0,0,0,513
0,128,0,0,0,0,0,0,4196
0,272,0,0,0,0,0,0,765
0,270,0,0,0,0,0,0,4477
0,166,0,0,0,0,0,0,4248
0,245,0,0,0,0,0,0,4566
0,11,0,0,0,0,0,0,606
0,347,0,0,0,0,0,0,1
0,92,0,0,0,0,0,0,4373
0,94,0,0,0,0,0,0,1077
0,348,0,0,0,0,0,0,956
0,386,0,0,0,0,0,0,3208
0,332,0,0,0,0,0,0,1922
0,48,0,0,0,0,0,0,2651
0,246,0,0,0,0,0,0,1789
0,389,0,0,0,0,0,0,1289
0,59,0,0,0,0,0,0,1431
0,58,0,0,0,0,0,0,2728
0,386,0,0,0,0,0,0,116
0,138,0,0,0,0,0,0,2574
0,377,0,0,0,0,0,0,2463
0,349,0,0,0,0,0,0,1561
0,257,0,0,0,0,0,0,112
0,367,0,0,0,0,0,0,4106
0,280,0,0,0,0,0,0,400
0,397,0,0,0,0,0,0,4633
0,0,0,0,0,0,0,0,2467
0,240,0,0,0,0,0,0,1955
0,384,0,0,0,0,0,0,3625
0,302,0,0,0,0,0,0,3819
0,281,0,0,0,0,0,0,960
0,297,0,0,0,0,0,0,2466
0,55,0,0,0,0,0,0,4338
0,373,0,0,0,0,0,0,1435
0,280,0,0,0,0,0,0,1374
0,72,0,0,0,0,0,0,2921
0,239,0,0,0,0,0,0,4654
0,306,0,0,0,0,0,0,932
0,68,0,0,0,0,0,0,4512
0,48,0,0,0,0,0,0,3992
0,350,0,0,0,0,0,0,2078
0,340,0,0,0,0,0,0,3810
0,318,0,0,0,0,0,0,4919
0,343,0,0,0,0,0,0,1291
0,326,0,0,0,0,0,0,4623
0,107,0,0,0,0,0,0,1063
0,4,0,0,0,0,0,0,788
0,71,0,0,0,0,0,0,730
0,146,0,0,0,0,0,0,3851
0,77,0,0,0,0,0,0,1518
0,99,0,0,0,0,0,0,3233
0,398,0,0,0,0,0,0,4422
0,307,0,0,0,0,0,0,4801
0,255,0,0,0,0,0,0,4265
0,15,0,0,0,0,0,0,1240
0,139,0,0,0,0,0,0,3835
0,206,0,0,0,0,0,0,4394
0,38,0,0,0,0,0,0,3841
0,45,0,0,0,0,0,0,1341
0,321,0,0,0,0,0,0,2867
0,67,0,0,0,0,0,0,471
0,153,0,0,0,0,0,0,1522
0,295,0,0,0,0,0,0,4103
0,72,0,0,0,0,0,0,1254
0,326,0,0,0,0,0,0,3542
0,8,0,0,0,0,0,0,2488
0,117,0,0,0,0,0,0,2247
0,115,0,0,0,0,0,0,4127
0,380,0,0,0,0,0,0,1853
0,229,0,0,0,0,0,0,3011
0,355,0,0,0,0,0,0,3675
0,327,0,0,0,0,0,0,718
0,226,0,0,0,0,0,0,296
0,378,0,0,0,0,0,0,1539
0,137,0,0,0,0,0,0,3759
0,39,0,0,0,0,0,0,4904
0,299,0,0,0,0,0,0,1949
0,262,0,0,0,0,0,0,4036
0,66,0,0,0,0,0,0,2170
0,335,0,0,0,0,0,0,2434
0,73,0,0,0,0,0,0,3479
0,390,0,0,0,0,0,0,1896
0,33,0,0,0,0,0,0,3347
0,278,0,0,0,0,0,0,2514
0,356,0,0,0,0,0,0,415
0,71,0,0,0,0,0,0,4879
0,336,0,0,0,0,0,0,2160
0,147,0,0,0,0,0,0,67
0,58,0,0,0,0,0,0,2952
0,330,0,0,0,0,0,0,2498
0,180,0,0,0,0,0,0,3551
0,26,0,0,0,0,0,0,3107
0,25,0,0,0,0,0,0,1042
0,129,0,0,0,0,0,0,1616
0,227,0,0,0,0,0,0,2796
0,209,0,0,0,0,0,0,3104
0,281,0,0,0,0,0,0,4097
0,360,0,0,0,0,0,0,4621
0,123,0,0,0,0,0,0,3697
0,163,0,0,0,0,0,0,1150
0,343,0,0,0,0,0,0,3330
0,241,0,0,0,0,0,0,1588
0,20,0,0,0,0,0,0,3478
0,9,0,0,0,0,0,0,3436
0,57,0,0,0,0,0,0,2628
0,238,0,0,0,0,0,0,1466
0,278,0,0,0,0,0,0,975
0,213,0,0,0,0,0,0,4806
0,218,0,0,0,0,0,0,3615
0,397,0,0,0,0,0,0,2106
0,127,0,0,0,0,0,0,1154
0,83,0,0,0,0,0,0,245
0,239,0,0,0,0,0,0,264
0,57,0,0,0,0,0,0,1040
0,97,0,0,0,0,0,0,4744
0,59,0,0,0,0,0,0,4044
0,78,0,0,0,0,0,0,2827
0,300,0,0,0,0,0,0,448
0,38,0,0,0,0,0,0,4407
0,198,0,0,0,0,0,0,4122
0,118,0,0,0,0,0,0,1987
0,85,0,0,0,0,0,0,698
0,18,0,0,0,0,0,0,1154
0,373,0,0,0,0,0,0,4606
0,366,0,0,0,0,0,0,1940
0,215,0,0,0,0,0,0,4953
0,269,0,0,0,0,0,0,2366
0,311,0,0,0,0,0,0,587
0,27,0,0,0,0,0,0,3551
0,220,0,0,0,0,0,0,274
0,331,0,0,0,0,0,0,3333
0,330,0,0,0,0,0,0,4198
0,96,0,0,0,0,0,0,1963
0,17,0,0,0,0,0,0,526
0,358,0,0,0,0,0,0,3513
0,56,0,0,0,0,0,0,2341
0,339,0,0,0,0,0,0,1457
0,382,0,0,0,0,0,0,1064
0,144,0,0,0,0,0,0,1273
0,209,0,0,0,0,0,0,2536
0,22,0,0,0,0,0,0,2919
0,247,0,0,0,0,0,0,272
0,133,0,0,0,0,0,0,142
0,352,0,0,0,0,0,0,2065
0,223,0,0,0,0,0,0,4825
0,233,0,0,0,0,0,0,742
0,161,0,0,0,0,0,0,4519
0,131,0,0,0,0,0,0,3129
0,329,0,0,0,0,0,0,1260
0,136,0,0,0,0,0,0,2935
0,318,0,0,0,0,0,0,4710
0,247,0,0,0,0,0,0,872
0,124,0,0,0,0,0,0,3536
0,177,0,0,0,0,0,0,2034
0,254,0,0,0,0,0,0,982
0,319,0,0,0,0,0,0,1524
0,309,0,0,0,0,0,0,174
0,199,0,0,0,0,0,0,2690
0,153,0,0,0,0,0,0,2294
0,293,0,0,0,0,0,0,279
0,43,0,0,0,0,0,0,395
0,153,0,0,0,0,0,0,341
0,171,0,0,0,0,0,0,912
0,241,0,0,0,0,0,0,1869
0,71,0,0,0,0,0,0,4301
0,108,0,0,0,0,0,0,1840
0,367,0,0,0,0,0,0,3130
0,297,0,0,0,0,0,0,4886
0,252,0,0,0,0,0,0,4226
0,251,0,0,0,0,0,0,3537
0,367,0,0,0,0,0,0,1406
0,72,0,0,0,0,0,0,102
0,59,0,0,0,0,0,0,3554
0,387,0,0,0,0,0,0,1497
0,174,0,0,0,0,0,0,4187
0,149,0,0,0,0,0,0,4566
0,108,0,0,0,0,0,0,160
0,335,0,0,0,0,0,0,3969
0,357,0,0,0,0,0,0,2536
0,326,0,0,0,0,0,0,1955
0,28,0,0,0,0,0,0,921
0,361,0,0,0,0,0,0,2774
0,31,0,0,0,0,0,0,3428
0,103,0,0,0,0,0,0,4823
0,382,0,0,0,0,0,0,1815
0,373,0,0,0,0,0,0,4051
0,227,0,0,0,0,0,0,3029
0,161,0,0,0,0,0,0,1138
0,233,0,0,0,0,0,0,882
0,289,0,0,0,0,0,0,2724
0,136,0,0,0,0,0,0,1396
0,336,0,0,0,0,0,0,1307
0,347,0,0,0,0,0,0,4455
0,197,0,0,0,0,0,0,2554
0,76,0,0,0,0,0,0,149
0,257,0,0,0,0,0,0,368
0,121,0,0,0,0,0,0,2551
0,284,0,0,0,0,0,0,3539
0,251,0,0,0,0,0,0,2902
0,243,0,0,0,0,0,0,3271
0,194,0,0,0,0,0,0,3000
0,6,0,0,0,0,0,0,2896
0,140,0,0,0,0,0,0,458
0,260,0,0,0,0,0,0,3661
0,187,0,0,0,0,0,0,4613
0,32,0,0,0,0,0,0,2095
0,195,0,0,0,0,0,0,4562
0,260,0,0,0,0,0,0,3763
0,64,0,0,0,0,0,0,3101
0,385,0,0,0,0,0,0,138
0,339,0,0,0,0,0,0,2896
0,373,0,0,0,0,0,0,2515
0,295,0,0,0,0,0,0,947
0,193,0,0,0,0,0,0,3445
0,132,0,0,0,0,0,0,1378
0,167,0,0,0,0,0,0,3845
0,213,0,0,0,0,0,0,2142
0,23,0,0,0,0,0,0,1446
0,286,0,0,0,0,0,0,4441
0,362,0,0,0,0,0,0,4990
0,217,0,0,0,0,0,0,870
0,170,0,0,0,0,0,0,4288
0,33,0,0,0,0,0,0,528
0,329,0,0,0,0,0,0,953
0,231,0,0,0,0,0,0,2380
0,120,0,0,0,0,0,0,2407
0,52,0,0,0,0,0,0,1736
0,352,0,0,0,0,0,0,492
0,224,0,0,0,0,0,0,4353
0,371,0,0,0,0,0,0,2764
0,247,0,0,0,0,0,0,3898
0,343,0,0,0,0,0,0,745
0,193,0,0,0,0,0,0,3184
0,315,0,0,0,0,0,0,1960
0,113,0,0,0,0,0,0,1868
0,128,0,0,0,0,0,0,4115
0,223,0,0,0,0,0,0,2076
0,158,0,0,0,0,0,0,1523
0,192,0,0,0,0,0,0,4055
0,109,0,0,0,0,0,0,4965
0,6,0,0,0,0,0,0,3687
0,7,0,0,0,0,0,0,4335
0,12,0,0,0,0,0,0,2066
0,100,0,0,0,0,0,0,3802
0,105,0,0,0,0,0,0,2711
0,391,0,0,0,0,0,0,2158
0,87,0,0,0,0,0,0,56
0,32,0,0,0,0,0,0,3550
0,52,0,0,0,0,0,0,435
0,27,0,0,0,0,0,0,1813
0,231,0,0,0,0,0,0,308
0,122,0,0,0,0,0,0,781
0,272,0,0,0,0,0,0,3651
0,209,0,0,0,0,0,0,4537
0,48,0,0,0,0,0,0,1288
0,224,0,0,0,0,0,0,3885
0,399,0,0,0,0,0,0,1340
0,298,0,0,0,0,0,0,4973
0,28,0,0,0,0,0,0,4415
0,8,0,0,0,0,0,0,438
0,186,0,0,0,0,0,0,3059
0,114,0,0,0,0,0,0,3136
0,376,0,0,0,0,0,0,2817
0,227,0,0,0,0,0,0,4055
0,117,0,0,0,0,0,0,104
0,154,0,0,0,0,0,0,3187
0,283,0,0,0,0,0,0,1910
0,92,0,0,0,0,0,0,2260
0,106,0,0,0,0,0,0,2902
0,145,0,0,0,0,0,0,716
0,35,0,0,0,0,0,0,2581
0,26,0,0,0,0,0,0,1215
0,244,0,0,0,0,0,0,538
0,180,0,0,0,0,0,0,287
0,164,0,0,0,0,0,0,681
0,324,0,0,0,0,0,0,2044
0,57,0,0,0,0,0,0,2903
0,68,0,0,0,0,0,0,4406
0,137,0,0,0,0,0,0,3123
0,62,0,0,0,0,0,0,4742
0,11,0,0,0,0,0,0,1252
0,249,0,0,0,0,0,0,1619
0,398,0,0,0,0,0,0,3060
0,207,0,0,0,0,0,0,1328
0,72,0,0,0,0,0,0,2131
0,222,0,0,0,0,0,0,1391
0,387,0,0,0,0,0,0,1527
0,20,0,0,0,0,0,0,1710
0,201,0,0,0,0,0,0,3063
0,88,0,0,0,0,0,0,2391
0,152,0,0,0,0,0,0,2054
0,329,0,0,0,0,0,0,1761
0,348,0,0,0,0,0,0,318
0,10,0,0,0,0,0,0,15
0,71,0,0,0,0,0,0,4231
0,245,0,0,0,0,0,0,4404
0,348,0,0,0,0,0,0,2908
0,89,0,0,0,0,0,0,3251
0,92,0,0,0,0,0,0,2570
0,30,0,0,0,0,0,0,3938
0,308,0,0,0,0,0,0,2107
0,133,0,0,0,0,0,0,1216
0,81,0,0,0,0,0,0,4198
0,246,0,0,0,0,0,0,2332
0,330,0,0,0,0,0,0,823
0,119,0,0,0,0,0,0,4429
0,58,0,0,0,0,0,0,4800
0,261,0,0,0,0,0,0,3455
0,208,0,0,0,0,0,0,2528
0,299,0,0,0,0,0,0,4086
0,33,0,0,0,0,0,0,613
0,343,0,0,0,0,0,0,2573
0,257,0,0,0,0,0,0,3768
0,290,0,0,0,0,0,0,4044
0,63,0,0,0,0,0,0,847
0,347,0,0,0,0,0,0,211
0,392,0,0,0,0,0,0,2910
0,167,0,0,0,0,0,0,762
0,30,0,0,0,0,0,0,1029
0,150,0,0,0,0,0,0,3940
0,16,0,0,0,0,0,0,744
0,128,0,0,0,0,0,0,4154
0,283,0,0,0,0,0,0,2232
0,102,0,0,0,0,0,0,3496
0,93,0,0,0,0,0,0,4251
0,98,0,0,0,0,0,0,1298
0,179,0,0,0,0,0,0,1213
0,10,0,0,0,0,0,0,3050
0,284,0,0,0,0,0,0,3232
0,184,0,0,0,0,0,0,4368
0,208,0,0,0,0,0,0,732
0,44,0,0,0,0,0,0,4941
0,122,0,0,0,0,0,0,3037
0,95,0,0,0,0,0,0,1819
0,96,0,0,0,0,0,0,3478
0,201,0,0,0,0,0,0,2401
0,107,0,0,0,0,0,0,1836
0,311,0,0,0,0,0,0,4168
0,140,0,0,0,0,0,0,81
0,156,0,0,0,0,0,0,1249
0,113,0,0,0,0,0,0,572
0,97,0,0,0,0,0,0,892
0,395,0,0,0,0,0,0,1329
0,251,0,0,0,0,0,0,302
0,44,0,0,0,0,0,0,3073
0,69,0,0,0,0,0,0,3219
0,147,0,0,0,0,0,0,3542
0,123,0,0,0,0,0,0,23
0,155,0,0,0,0,0,0,4228
0,370,0,0,0,0,0,0,3139
0,117,0,0,0,0,0,0,791
0,235,0,0,0,0,0,0,1989
0,129,0,0,0,0,0,0,2108
0,327,0,0,0,0,0,0,3399
0,105,0,0,0,0,0,0,4306
0,348,0,0,0,0,0,0,1768
0,111,0,0,0,0,0,0,3336
0,313,0,0,0,0,0,0,300
0,180,0,0,0,0,0,0,1905
0,29,0,0,0,0,0,0,3575
0,283,0,0,0,0,0,0,2773
0,228,0,0,0,0,0,0,3625
0,268,0,0,0,0,0,0,4440
0,361,0,0,0,0,0,0,2059
0,391,0,0,0,0,0,0,615
0,390,0,0,0,0,0,0,2774
0,393,0,0,0,0,0,0,1237
0,184,0,0,0,0,0,0,4444
0,117,0,0,0,0,0,0,3428
0,259,0,0,0,0,0,0,3643
0,49,0,0,0,0,0,0,919
0,163,0,0,0,0,0,0,3260
0,237,0,0,0,0,0,0,3102
0,170,0,0,0,0,0,0,4311
0,385,0,0,0,0,0,0,3051
0,204,0,0,0,0,0,0,2773
0,252,0,0,0,0,0,0,4343
0,349,0,0,0,0,0,0,3684
0,315,0,0,0,0,0,0,350
0,234,0,0,0,0,0,0,4730
0,243,0,0,0,0,0,0,4149
0,162,0,0,0,0,0,0,2704
0,47,0,0,0,0,0,0,872
0,206,0,0,0,0,0,0,3795
0,180,0,0,0,0,0,0,403
0,301,0,0,0,0,0,0,498
0,6,0,0,0,0,0,0,1751
0,317,0,0,0,0,0,0,4672
0,385,0,0,0,0,0,0,460
0,87,0,0,0,0,0,0,315
0,228,0,0,0,0,0,0,4480
0,13,0,0,0,0,0,0,3642
0,198,0,0,0,0,0,0,802
0,67,0,0,0,0,0,0,1043
0,34,0,0,0,0,0,0,335
0,173,0,0,0,0,0,0,3133
0,309,0,0,0,0,0,0,2784
0,393,0,0,0,0,0,0,1282
0,300,0,0,0,0,0,0,4784
0,3,0,0,0,0,0,0,800
0,44,0,0,0,0,0,0,1723
0,5,0,0,0,0,0,0,1457
0,198,0,0,0,0,0,0,3631
0,16,0,0,0,0,0,0,158
0,325,0,0,0,0,0,0,2219
0,73,0,0,0,0,0,0,4208
0,12,0,0,0,0,0,0,147
0,47,0,0,0,0,0,0,4796
0,386,0,0,0,0,0,0,942
0,221,0,0,0,0,0,0,2693
0,37,0,0,0,0,0,0,3140
0,129,0,0,0,0,0,0,4454
0,186,0,0,0,0,0,0,3207
0,188,0,0,0,0,0,0,2095
0,367,0,0,0,0,0,0,2566
0,81,0,0,0,0,0,0,1093
0,363,0,0,0,0,0,0,4177
0,382,0,0,0,0,0,0,4389
0,133,0,0,0,0,0,0,4726
0,222,0,0,0,0,0,0,2750
0,231,0,0,0,0,0,0,4413
0,51,0,0,0,0,0,0,4092
0,34,0,0,0,0,0,0,2131
0,361,0,0,0,0,0,0,3340
0,8,0,0,0,0,0,0,1382
0,361,0,0,0,0,0,0,2048
0,260,0,0,0,0,0,0,1188
0,365,0,0,0,0,0,0,3752
0,179,0,0,0,0,0,0,747
0,71,0,0,0,0,0,0,1739
0,150,0,0,0,0,0,0,3502
0,169,0,0,0,0,0,0,189
0,233,0,0,0,0,0,0,2162
0,24,0,0,0,0,0,0,1769
0,259,0,0,0,0,0,0,1340
0,139,0,0,0,0,0,0,2152
0,306,0,0,0,0,0,0,2842
0,194,0,0,0,0,0,0,4645
0,304,0,0,0,0,0,0,4945
0,70,0,0,0,0,0,0,3574
0,351,0,0,0,0,0,0,1970
0,362,0,0,0,0,0,0,1005
0,145,0,0,0,0,0,0,1
0,219,0,0,0,0,0,0,2999
0,158,0,0,0,0,0,0,3934
0,381,0,0,0,0,0,0,4120
0,264,0,0,0,0,0,0,1040
0,161,0,0,0,0,0,0,3759
0,257,0,0,0,0,0,0,2734
0,310,0,0,0,0,0,0,3290
0,292,0,0,0,0,0,0,2999
0,162,0,0,0,0,0,0,3672
0,71,0,0,0,0,0,0,4192
0,218,0,0,0,0,0,0,3186
0,77,0,0,0,0,0,0,1857
0,260,0,0,0,0,0,0,1864
0,309,0,0,0,0,0,0,1817
0,321,0,0,0,0,0,0,339
0,346,0,0,0,0,0,0,496
0,334,0,0,0,0,0,0,4166
0,85,0,0,0,0,0,0,4589
0,235,0,0,0,0,0,0,2439
0,266,0,0,0,0,0,0,180
0,315,0,0,0,0,0,0,3098
0,18,0,0,0,0,0,0,3318
0,250,0,0,0,0,0,0,4350
0,182,0,0,0,0,0,0,4516
0,155,0,0,0,0,0,0,2090
0,114,0,0,0,0,0,0,4390
0,262,0,0,0,0,0,0,4862
0,281,0,0,0,0,0,0,2781
0,224,0,0,0,0,0,0,2640
0,31,0,0,0,0,0,0,142
0,350,0,0,0,0,0,0,2330
0,277,0,0,0,0,0,0,3900
0,339,0,0,0,0,0,0,212
0,5,0,0,0,0,0,0,2128
0,46,0,0,0,0,0,0,3540
0,127,0,0,0,0,0,0,1113
0,55,0,0,0,0,0,0,1698
0,102,0,0,0,0,0,0,873
0,205,0,0,0,0,0,0,3053
0,218,0,0,0,0,0,0,1549
0,186,0,0,0,0,0,0,4139
0,304,0,0,0,0,0,0,256
0,7,0,0,0,0,0,0,355
0,288,0,0,0,0,0,0,2803
0,348,0,0,0,0,0,0,4267
0,51,0,0,0,0,0,0,4478
0,213,0,0,0,0,0,0,4642
0,275,0,0,0,0,0,0,4431
0,22,0,0,0,0,0,0,3311
0,225,0,0,0,0,0,0,3139
0,227,0,0,0,0,0,0,79
0,26,0,0,0,0,0,0,4704
0,125,0,0,0,0,0,0,4638
0,2,0,0,0,0,0,0,821
0,358,0,0,0,0,0,0,624
0,398,0,0,0,0,0,0,1804
0,15,0,0,0,0,0,0,1161
0,316,0,0,0,0,0,0,4073
0,90,0,0,0,0,0,0,3096
0,114,0,0,0,0,0,0,1575
0,246,0,0,0,0,0,0,1761
0,329,0,0,0,0,0,0,230
0,186,0,0,0,0,0,0,946
0,218,0,0,0,0,0,0,488
0,129,0,0,0,0,0,0,3596
0,331,0,0,0,0,0,0,2564
0,254,0,0,0,0,0,0,2983
0,80,0,0,0,0,0,0,4490
0,66,0,0,0,0,0,0,4679
0,114,0,0,0,0,0,0,1650
0,240,0,0,0,0,0,0,132
0,42,0,0,0,0,0,0,1727
0,56,0,0,0,0,0,0,3598
0,58,0,0,0,0,0,0,1126
0,331,0,0,0,0,0,0,4676
0,197,0,0,0,0,0,0,993
0,253,0,0,0,0,0,0,1566
0,293,0,0,0,0,0,0,4583
0,299,0,0,0,0,0,0,1286
0,65,0,0,0,0,0,0,3714
0,395,0,0,0,0,0,0,1718
0,96,0,0,0,0,0,0,462
0,190,0,0,0,0,0,0,3504
0,26,0,0,0,0,0,0,3667
0,226,0,0,0,0,0,0,505
0,303,0,0,0,0,0,0,4830
0,232,0,0,0,0,0,0,4796
0,270,0,0,0,0,0,0,691
0,204,0,0,0,0,0,0,1259
0,67,0,0,0,0,0,0,334
0,396,0,0,0,0,0,0,1548
0,178,0,0,0,0,0,0,4280
0,62,0,0,0,0,0,0,3451
0,49,0,0,0,0,0,0,4122
0,316,0,0,0,0,0,0,3606
0,263,0,0,0,0,0,0,3324
0,77,0,0,0,0,0,0,1786
0,184,0,0,0,0,0,0,3173
0,315,0,0,0,0,0,0,398
0,282,0,0,0,0,0,0,4474
0,285,0,0,0,0,0,0,3811
0,23,0,0,0,0,0,0,1604
0,241,0,0,0,0,0,0,4992
0,111,0,0,0,0,0,0,2852
0,82,0,0,0,0,0,0,4578
0,56,0,0,0,0,0,0,3076
0,226,0,0,0,0,0,0,3301
0,32,0,0,0,0,0,0,4535
0,191,0,0,0,0,0,0,4017
0,38,0,0,0,0,0,0,561
0,19,0,0,0,0,0,0,2134
0,260,0,0,0,0,0,0,3557
0,285,0,0,0,0,0,0,1860
0,233,0,0,0,0,0,0,658
0,336,0,0,0,0,0,0,3376
0,279,0,0,0,0,0,0,1190
0,360,0,0,0,0,0,0,2589
0,145,0,0,0,0,0,0,3386
0,45,0,0,0,0,0,0,589
0,187,0,0,0,0,0,0,3142
0,20,0,0,0,0,0,0,341
0,230,0,0,0,0,0,0,3635
0,203,0,0,0,0,0,0,686
0,185,0,0,0,0,0,0,2184
0,22,0,0,0,0,0,0,1413
0,37,0,0,0,0,0,0,510
0,298,0,0,0,0,0,0,1686
0,204,0,0,0,0,0,0,4367
0,83,0,0,0,0,0,0,2803
0,202,0,0,0,0,0,0,3363
0,74,0,0,0,0,0,0,2198
0,25,0,0,0,0,0,0,1308
0,206,0,0,0,0,0,0,4945
0,212,0,0,0,0,0,0,1999
0,92,0,0,0,0,0,0,4177
0,81,0,0,0,0,0,0,4336
0,225,0,0,0,0,0,0,4052
0,176,0,0,0,0,0,0,184
0,218,0,0,0,0,0,0,4916
0,235,0,0,0,0,0,0,3316
0,65,0,0,0,0,0,0,4332
0,36,0,0,0,0,0,0,3111
0,67,0,0,0,0,0,0,1420
0,102,0,0,0,0,0,0,308
0,231,0,0,0,0,0,0,663
0,246,0,0,0,0,0,0,3147
0,130,0,0,0,0,0,0,3525
0,42,0,0,0,0,0,0,2391
0,192,0,0,0,0,0,0,4009
0,222,0,0,0,0,0,0,2553
0,84,0,0,0,0,0,0,1031
0,228,0,0,0,0,0,0,4769
0,2,0,0,0,0,0,0,4159
0,125,0,0,0,0,0,0,1855
0,237,0,0,0,0,0,0,687
0,17,0,0,0,0,0,0,425
0,174,0,0,0,0,0,0,750
0,36,0,0,0,0,0,0,191
0,227,0,0,0,0,0,0,2470
0,286,0,0,0,0,0,0,180
0,393,0,0,0,0,0,0,3307
0,109,0,0,0,0,0,0,2740
0,137,0,0,0,0,0,0,165
0,68,0,0,0,0,0,0,2214
0,32,0,0,0,0,0,0,1427
0,391,0,0,0,0,0,0,521
0,3,0,0,0,0,0,0,3836
0,0,0,0,0,0,0,0,3011
0,51,0,0,0,0,0,0,3949
0,69,0,0,0,0,0,0,3908
0,142,0,0,0,0,0,0,2283
0,238,0,0,0,0,0,0,4516
0,296,0,0,0,0,0,0,930
0,124,0,0,0,0,0,0,1941
0,182,0,0,0,0,0,0,4397
0,72,0,0,0,0,0,0,4759
0,240,0,0,0,0,0,0,1131
0,36,0,0,0,0,0,0,2871
0,347,0,0,0,0,0,0,2147
0,64,0,0,0,0,0,0,4395
0,77,0,0,0,0,0,0,4602
0,150,0,0,0,0,0,0,853
0,93,0,0,0,0,0,0,1825
0,67,0,0,0,0,0,0,3796
0,157,0,0,0,0,0,0,4976
0,213,0,0,0,0,0,0,4736
0,256,0,0,0,0,0,0,4407
0,117,0,0,0,0,0,0,1718
0,203,0,0,0,0,0,0,2588
0,98,0,0,0,0,0,0,2847
0,169,0,0,0,0,0,0,3808
0,284,0,0,0,0,0,0,4619
0,129,0,0,0,0,0,0,4821
0,219,0,0,0,0,0,0,4217
0,11,0,0,0,0,0,0,1258
0,11,0,0,0,0,0,0,1052
0,266,0,0,0,0,0,0,1218
0,341,0,0,0,0,0,0,1626
0,315,0,0,0,0,0,0,1339
0,123,0,0,0,0,0,0,3998
0,109,0,0,0,0,0,0,521
0,318,0,0,0,0,0,0,3592
0,114,0,0,0,0,0,0,248
0,81,0,0,0,0,0,0,4688
0,140,0,0,0,0,0,0,4416
0,345,0,0,0,0,0,0,3900
0,16,0,0,0,0,0,0,1823
0,77,0,0,0,0,0,0,1214
0,135,0,0,0,0,0,0,31
0,335,0,0,0,0,0,0,1225
0,384,0,0,0,0,0,0,3552
0,356,0,0,0,0,0,0,3252
0,12,0,0,0,0,0,0,1508
0,317,0,0,0,0,0,0,3791
0,365,0,0,0,0,0,0,4663
0,398,0,0,0,0,0,0,3892
0,111,0,0,0,0,0,0,275
0,211,0,0,0,0,0,0,2987
0,185,0,0,0,0,0,0,4571
0,91,0,0,0,0,0,0,3407
0,160,0,0,0,0,0,0,3922
0,16,0,0,0,0,0,0,1809
0,326,0,0,0,0,0,0,2155
0,288,0,0,0,0,0,0,2982
0,210,0,0,0,0,0,0,745
0,126,0,0,0,0,0,0,3193
0,337,0,0,0,0,0,0,3440
0,65,0,0,0,0,0,0,3285
0,175,0,0,0,0,0,0,3052
0,177,0,0,0,0,0,0,2058
0,3,0,0,0,0,0,0,632
0,231,0,0,0,0,0,0,1065
0,233,0,0,0,0,0,0,863
0,2,0,0,0,0,0,0,2709
0,31,0,0,0,0,0,0,2026
0,272,0,0,0,0,0,0,4978
0,259,0,0,0,0,0,0,19
0,377,0,0,0,0,0,0,3924
0,316,0,0,0,0,0,0,3842
0,42,0,0,0,0,0,0,4680
0,378,0,0,0,0,0,0,3684
0,67,0,0,0,0,0,0,917
0,243,0,0,0,0,0,0,824
0,63,0,0,0,0,0,0,2020
0,350,0,0,0,0,0,0,2782
0,88,0,0,0,0,0,0,2865
0,283,0,0,0,0,0,0,4782
0,33,0,0,0,0,0,0,3640
0,363,0,0,0,0,0,0,1317
0,397,0,0,0,0,0,0,1426
0,352,0,0,0,0,0,0,4433
0,37,0,0,0,0,0,0,2643
0,368,0,0,0,0,0,0,3102
0,340,0,0,0,0,0,0,1426
0,237,0,0,0,0,0,0,348
0,21,0,0,0,0,0,0,220
0,315,0,0,0,0,0,0,487
0,391,0,0,0,0,0,0,2560
0,124,0,0,0,0,0,0,2991
0,111,0,0,0,0,0,0,3555
0,222,0,0,0,0,0,0,4137
0,51,0,0,0,0,0,0,181
0,92,0,0,0,0,0,0,3225
0,136,0,0,0,0,0,0,704
0,318,0,0,0,0,0,0,2812
0,66,0,0,0,0,0,0,2831
0,20,0,0,0,0,0,0,2726
0,107,0,0,0,0,0,0,4535
0,205,0,0,0,0,0,0,3313
0,197,0,0,0,0,0,0,592
0,275,0,0,0,0,0,0,4766
0,192,0,0,0,0,0,0,3355
0,179,0,0,0,0,0,0,3216
0,391,0,0,0,0,0,0,1173
0,255,0,0,0,0,0,0,4532
0,365,0,0,0,0,0,0,422
0,262,0,0,0,0,0,0,1487
0,72,0,0,0,0,0,0,2572
0,240,0,0,0,0,0,0,1819
0,284,0,0,0,0,0,0,4196
0,263,0,0,0,0,0,0,628
0,228,0,0,0,0,0,0,1658
0,60,0,0,0,0,0,0,4082
0,305,0,0,0,0,0,0,4918
0,92,0,0,0,0,0,0,3565
0,348,0,0,0,0,0,0,4737
0,5,0,0,0,0,0,0,4286
0,15,0,0,0,0,0,0,4760
0,358,0,0,0,0,0,0,2152
0,89,0,0,0,0,0,0,2847
0,384,0,0,0,0,0,0,1216
0,393,0,0,0,0,0,0,3623
0,268,0,0,0,0,0,0,435
0,99,0,0,0,0,0,0,4610
0,102,0,0,0,0,0,0,3541
0,123,0,0,0,0,0,0,1068
0,165,0,0,0,0,0,0,4044
0,40,0,0,0,0,0,0,702
0,266,0,0,0,0,0,0,4958
0,82,0,0,0,0,0,0,2950
0,279,0,0,0,0,0,0,492
0,256,0,0,0,0,0,0,706
0,356,0,0,0,0,0,0,4147
0,336,0,0,0,0,0,0,618
0,84,0,0,0,0,0,0,3586
0,397,0,0,0,0,0,0,427
0,53,0,0,0,0,0,0,2618
0,217,0,0,0,0,0,0,2648
0,301,0,0,0,0,0,0,531
0,395,0,0,0,0,0,0,1526
0,312,0,0,0,0,0,0,3563
0,286,0,0,0,0,0,0,4332
0,80,0,0,0,0,0,0,2946
0,125,0,0,0,0,0,0,1662
0,334,0,0,0,0,0,0,3475
0,252,0,0,0,0,0,0,4247
0,193,0,0,0,0,0,0,837
0,69,0,0,0,0,0,0,4733
0,11,0,0,0,0,0,0,776
0,263,0,0,0,0,0,0,1938
0,140,0,0,0,0,0,0,39
0,202,0,0,0,0,0,0,671
0,215,0,0,0,0,0,0,778
0,81,0,0,0,0,0,0,3431
0,104,0,0,0,0,0,0,2517
0,167,0,0,0,0,0,0,1552
0,258,0,0,0,0,0,0,2390
0,166,0,0,0,0,0,0,1585
0,45,0,0,0,0,0,0,2672
0,382,0,0,0,0,0,0,4458
0,276,0,0,0,0,0,0,1226
0,360,0,0,0,0,0,0,4163
0,345,0,0,0,0,0,0,4032
0,284,0,0,0,0,0,0,4194
0,144,0,0,0,0,0,0,371
0,35,0,0,0,0,0,0,70
0,53,0,0,0,0,0,0,1112
0,196,0,0,0,0,0,0,2708
0,106,0,0,0,0,0,0,3871
0,320,0,0,0,0,0,0,1409
0,308,0,0,0,0,0,0,58
0,347,0,0,0,0,0,0,3626
0,8,0,0,0,0,0,0,3349
0,207,0,0,0,0,0,0,4160
0,260,0,0,0,0,0,0,2611
0,328,0,0,0,0,0,0,3470
0,59,0,0,0,0,0,0,986
0,100,0,0,0,0,0,0,2931
0,18,0,0,0,0,0,0,2609
0,17,0,0,0,0,0,0,2610
0,93,0,0,0,0,0,0,321
0,339,0,0,0,0,0,0,837
0,31,0,0,0,0,0,0,1540
0,71,0,0,0,0,0,0,1499
0,128,0,0,0,0,0,0,601
0,247,0,0,0,0,0,0,2430
0,290,0,0,0,0,0,0,2216
0,112,0,0,0,0,0,0,3987
0,288,0,0,0,0,0,0,4971
0,6,0,0,0,0,0,0,2000
0,20,0,0,0,0,0,0,1591
0,155,0,0,0,0,0,0,1137
0,210,0,0,0,0,0,0,3778
0,271,0,0,0,0,0,0,4946
0,75,0,0,0,0,0,0,2798
0,393,0,0,0,0,0,0,1589
0,76,0,0,0,0,0,0,2181
0,63,0,0,0,0,0,0,36
0,277,0,0,0,0,0,0,1604
0,41,0,0,0,0,0,0,2770
0,366,0,0,0,0,0,0,3216
0,76,0,0,0,0,0,0,114
0,299,0,0,0,0,0,0,4070
0,373,0,0,0,0,0,0,3188
0,73,0,0,0,0,0,0,2896
0,124,0,0,0,0,0,0,4400
0,328,0,0,0,0,0,0,4280
0,337,0,0,0,0,0,0,358
0,364,0,0,0,0,0,0,1723
0,180,0,0,0,0,0,0,974
0,165,0,0,0,0,0,0,2599
0,283,0,0,0,0,0,0,1
0,336,0,0,0,0,0,0,2560
0,371,0,0,0,0,0,0,2687
0,11,0,0,0,0,0,0,2051
0,394,0,0,0,0,0,0,1874
0,329,0,0,0,0,0,0,4591
0,280,0,0,0,0,0,0,3020
0,395,0,0,0,0,0,0,3409
0,326,0,0,0,0,0,0,4599
0,166,0,0,0,0,0,0,207
0,71,0,0,0,0,0,0,1036
0,336,0,0,0,0,0,0,1676
0,17,0,0,0,0,0,0,4065
0,398,0,0,0,0,0,0,4645
0,342,0,0,0,0,0,0,2686
0,165,0,0,0,0,0,0,4411
0,20,0,0,0,0,0,0,425
0,306,0,0,0,0,0,0,630
0,329,0,0,0,0,0,0,4171
0,53,0,0,0,0,0,0,4666
0,375,0,0,0,0,0,0,2179
0,277,0,0,0,0,0,0,806
0,103,0,0,0,0,0,0,3057
0,120,0,0,0,0,0,0,3215
0,238,0,0,0,0,0,0,4098
0,275,0,0,0,0,0,0,1562
0,385,0,0,0,0,0,0,1654
0,366,0,0,0,0,0,0,2497
0,121,0,0,0,0,0,0,4441
0,53,0,0,0,0,0,0,4032
0,358,0,0,0,0,0,0,4492
0,155,0,0,0,0,0,0,1504
0,220,0,0,0,0,0,0,2608
0,350,0,0,0,0,0,0,82
0,345,0,0,0,0,0,0,2037
0,66,0,0,0,0,0,0,2728
0,53,0,0,0,0,0,0,4270
0,267,0,0,0,0,0,0,2081
0,197,0,0,0,0,0,0,2961
0,161,0,0,0,0,0,0,1110
0,264,0,0,0,0,0,0,1008
0,16,0,0,0,0,0,0,4960
0,288,0,0,0,0,0,0,2452
0,99,0,0,0,0,0,0,2510
0,39,0,0,0,0,0,0,2488
0,368,0,0,0,0,0,0,4782
0,344,0,0,0,0,0,0,694
0,221,0,0,0,0,0,0,2023
0,162,0,0,0,0,0,0,3362
0,103,0,0,0,0,0,0,2050
0,17,0,0,0,0,0,0,2583
0,293,0,0,0,0,0,0,4891
0,145,0,0,0,0,0,0,337
0,120,0,0,0,0,0,0,196
0,242,0,0,0,0,0,0,1055
0,349,0,0,0,0,0,0,1823
0,235,0,0,0,0,0,0,2475
0,347,0,0,0,0,0,0,2730
0,30,0,0,0,0,0,0,3010
0,396,0,0,0,0,0,0,951
0,361,0,0,0,0,0,0,3240
0,73,0,0,0,0,0,0,2949
0,266,0,0,0,0,0,0,1127
0,161,0,0,0,0,0,0,721
0,311,0,0,0,0,0,0,3209
0,289,0,0,0,0,0,0,2638
0,382,0,0,0,0,0,0,2335
0,278,0,0,0,0,0,0,3609
0,241,0,0,0,0,0,0,1801
0,126,0,0,0,0,0,0,1510
0,2,0,0,0,0,0,0,4669
0,58,0,0,0,0,0,0,1109
0,123,0,0,0,0,0,0,1117
0,143,0,0,0,0,0,0,4808
0,147,0,0,0,0,0,0,435
0,176,0,0,0,0,0,0,2572
0,100,0,0,0,0,0,0,980
0,279,0,0,0,0,0,0,2522
0,258,0,0,0,0,0,0,570
0,324,0,0,0,0,0,0,4681
0,212,0,0,0,0,0,0,2757
0,233,0,0,0,0,0,0,3181
0,374,0,0,0,0,0,0,3801
0,180,0,0,0,0,0,0,346
0,120,0,0,0,0,0,0,1922
0,371,0,0,0,0,0,0,3391
0,26,0,0,0,0,0,0,2674
0,221,0,0,0,0,0,0,2551
0,91,0,0,0,0,0,0,2793
0,169,0,0,0,0,0,0,3353
0,256,0,0,0,0,0,0,3076
0,107,0,0,0,0,0,0,467
0,245,0,0,0,0,0,0,2460
0,329,0,0,0,0,0,0,2997
0,248,0,0,0,0,0,0,2584
0,182,0,0,0,0,0,0,1511
0,381,0,0,0,0,0,0,4234
0,225,0,0,0,0,0,0,4014
0,149,0,0,0,0,0,0,1683
0,187,0,0,0,0,0,0,46
0,127,0,0,0,0,0,0,3535
0,307,0,0,0,0,0,0,4688
0,334,0,0,0,0,0,0,833
0,372,0,0,0,0,0,0,783
0,3,0,0,0,0,0,0,1443
0,174,0,0,0,0,0,0,1076
0,182,0,0,0,0,0,0,1990
0,286,0,0,0,0,0,0,56
0,29,0,0,0,0,0,0,1632
0,237,0,0,0,0,0,0,4752
0,20,0,0,0,0,0,0,4713
0,105,0,0,0,0,0,0,436
0,111,0,0,0,0,0,0,476
0,211,0,0,0,0,0,0,3155
0,7,0,0,0,0,0,0,1536
0,397,0,0,0,0,0,0,1280
0,243,0,0,0,0,0,0,2085
0,289,0,0,0,0,0,0,4685
0,298,0,0,0,0,0,0,4224
0,45,0,0,0,0,0,0,3770
0,301,0,0,0,0,0,0,1650
0,95,0,0,0,0,0,0,4361
0,247,0,0,0,0,0,0,410
0,31,0,0,0,0,0,0,790
0,124,0,0,0,0,0,0,2452
0,72,0,0,0,0,0,0,4342
0,152,0,0,0,0,0,0,4769
0,173,0,0,0,0,0,0,2395
0,112,0,0,0,0,0,0,3319
0,244,0,0,0,0,0,0,114
0,6,0,0,0,0,0,0,1440
0,104,0,0,0,0,0,0,1501
0,68,0,0,0,0,0,0,3329
0,71,0,0,0,0,0,0,4546
0,102,0,0,0,0,0,0,690
0,118,0,0,0,0,0,0,3729
0,0,0,0,0,0,0,0,1589
0,387,0,0,0,0,0,0,3859
0,113,0,0,0,0,0,0,1978
0,49,0,0,0,0,0,0,2487
0,65,0,0,0,0,0,0,3235
0,247,0,0,0,0,0,0,4437
0,247,0,0,0,0,0,0,4380
0,119,0,0,0,0,0,0,2693
0,281,0,0,0,0,0,0,2794
0,163,0,0,0,0,0,0,1629
0,392,0,0,0,0,0,0,305
0,381,0,0,0,0,0,0,1959
0,334,0,0,0,0,0,0,930
0,375,0,0,0,0,0,0,1386
0,221,0,0,0,0,0,0,58
0,58,0,0,0,0,0,0,3451
0,320,0,0,0,0,0,0,2625
0,348,0,0,0,0,0,0,4986
0,318,0,0,0,0,0,0,2222
0,166,0,0,0,0,0,0,2428
0,366,0,0,0,0,0,0,1747
0,40,0,0,0,0,0,0,1163
0,9,0,0,0,0,0,0,4963
0,255,0,0,0,0,0,0,2298
0,338,0,0,0,0,0,0,1120
0,98,0,0,0,0,0,0,4685
0,253,0,0,0,0,0,0,1568
0,366,0,0,0,0,0,0,3555
0,40,0,0,0,0,0,0,742
0,357,0,0,0,0,0,0,1812
0,45,0,0,0,0,0,0,3940
0,350,0,0,0,0,0,0,2848
0,267,0,0,0,0,0,0,2273
0,229,0,0,0,0,0,0,3490
0,300,0,0,0,0,0,0,3251
0,392,0,0,0,0,0,0,2634
0,75,0,0,0,0,0,0,1333
0,229,0,0,0,0,0,0,1248
0,87,0,0,0,0,0,0,4521
0,258,0,0,0,0,0,0,433
0,40,0,0,0,0,0,0,1235
0,25,0,0,0,0,0,0,135
0,188,0,0,0,0,0,0,527
0,199,0,0,0,0,0,0,4035
0,138,0,0,0,0,0,0,2612
0,96,0,0,0,0,0,0,2869
0,104,0,0,0,0,0,0,1139
0,278,0,0,0,0,0,0,2154
0,168,0,0,0,0,0,0,3074
0,117,0,0,0,0,0,0,2396
0,196,0,0,0,0,0,0,1789
0,52,0,0,0,0,0,0,489
0,98,0,0,0,0,0,0,643
0,235,0,0,0,0,0,0,2316
0,302,0,0,0,0,0,0,2933
0,242,0,0,0,0,0,0,564
0,64,0,0,0,0,0,0,3856
0,308,0,0,0,0,0,0,745
0,392,0,0,0,0,0,0,1804
0,291,0,0,0,0,0,0,2787
0,393,0,0,0,0,0,0,3665
0,371,0,0,0,0,0,0,271
0,249,0,0,0,0,0,0,2910
0,395,0,0,0,0,0,0,1068
0,15,0,0,0,0,0,0,2699
0,379,0,0,0,0,0,0,4611
0,229,0,0,0,0,0,0,4890
0,183,0,0,0,0,0,0,4084
0,209,0,0,0,0,0,0,4561
0,374,0,0,0,0,0,0,3590
0,342,0,0,0,0,0,0,1705
0,158,0,0,0,0,0,0,245
0,88,0,0,0,0,0,0,3026
0,244,0,0,0,0,0,0,4713
0,27,0,0,0,0,0,0,264
0,226,0,0,0,0,0,0,2838
0,94,0,0,0,0,0,0,2271
0,220,0,0,0,0,0,0,3129
0,209,0,0,0,0,0,0,2996
0,279,0,0,0,0,0,0,2550
0,303,0,0,0,0,0,0,2099
0,18,0,0,0,0,0,0,2839
0,20,0,0,0,0,0,0,1283
0,218,0,0,0,0,0,0,1560
0,394,0,0,0,0,0,0,3377
0,139,0,0,0,0,0,0,4480
0,233,0,0,0,0,0,0,3065
0,47,0,0,0,0,0,0,1457
0,125,0,0,0,0,0,0,4171
0,356,0,0,0,0,0,0,1281
0,33,0,0,0,0,0,0,655
0,81,0,0,0,0,0,0,4417
0,46,0,0,0,0,0,0,3060
0,335,0,0,0,0,0,0,883
0,48,0,0,0,0,0,0,2077
0,18,0,0,0,0,0,0,3289
0,281,0,0,0,0,0,0,1489
0,35,0,0,0,0,0,0,1014
0,112,0,0,0,0,0,0,4010
0,59,0,0,0,0,0,0,4230
0,352,0,0,0,0,0,0,874
0,375,0,0,0,0,0,0,4999
0,329,0,0,0,0,0,0,2329
0,57,0,0,0,0,0,0,311
0,314,0,0,0,0,0,0,2585
0,87,0,0,0,0,0,0,3879
0,176,0,0,0,0,0,0,3598
0,73,0,0,0,0,0,0,2243
0,36,0,0,0,0,0,0,4077
0,331,0,0,0,0,0,0,2426
0,355,0,0,0,0,0,0,4345
0,274,0,0,0,0,0,0,464
0,174,0,0,0,0,0,0,3154
0,1,0,0,0,0,0,0,116
0,393,0,0,0,0,0,0,1702
0,314,0,0,0,0,0,0,2650
0,177,0,0,0,0,0,0,3390
0,313,0,0,0,0,0,0,107
0,62,0,0,0,0,0,0,1641
0,75,0,0,0,0,0,0,791
0,79,0,0,0,0,0,0,2316
0,286,0,0,0,0,0,0,3192
0,363,0,0,0,0,0,0,3229
0,236,0,0,0,0,0,0,1450
0,129,0,0,0,0,0,0,4443
0,115,0,0,0,0,0,0,879
0,220,0,0,0,0,0,0,589
0,37,0,0,0,0,0,0,4200
0,198,0,0,0,0,0,0,2060
0,117,0,0,0,0,0,0,4425
0,384,0,0,0,0,0,0,1461
0,77,0,0,0,0,0,0,4116
0,127,0,0,0,0,0,0,4434
0,215,0,0,0,0,0,0,3007
0,52,0,0,0,0,0,0,335
0,112,0,0,0,0,0,0,3744
0,32,0,0,0,0,0,0,4171
0,229,0,0,0,0,0,0,2612
0,33,0,0,0,0,0,0,24
0,389,0,0,0,0,0,0,943
0,194,0,0,0,0,0,0,1334
0,171,0,0,0,0,0,0,4117
0,337,0,0,0,0,0,0,4703
0,316,0,0,0,0,0,0,709
0,31,0,0,0,0,0,0,3061
0,25,0,0,0,0,0,0,2376
0,155,0,0,0,0,0,0,2062
0,250,0,0,0,0,0,0,3098
0,129,0,0,0,0,0,0,2747
0,238,0,0,0,0,0,0,4802
0,266,0,0,0,0,0,0,4417
0,179,0,0,0,0,0,0,1681
0,229,0,0,0,0,0,0,4250
0,120,0,0,0,0,0,0,1369
0,282,0,0,0,0,0,0,216
0,42,0,0,0,0,0,0,891
0,235,0,0,0,0,0,0,615
0,154,0,0,0,0,0,0,3343
0,228,0,0,0,0,0,0,741
0,69,0,0,0,0,0,0,4825
0,83,0,0,0,0,0,0,2411
0,372,0,0,0,0,0,0,4400
0,190,0,0,0,0,0,0,4218
0,26,0,0,0,0,0,0,3064
0,43,0,0,0,0,0,0,4112
0,346,0,0,0,0,0,0,2359
0,123,0,0,0,0,0,0,1756
0,351,0,0,0,0,0,0,454
0,172,0,0,0,0,0,0,2994
0,283,0,0,0,0,0,0,216
0,261,0,0,0,0,0,0,3631
0,73,0,0,0,0,0,0,2605
0,268,0,0,0,0,0,0,3745
0,61,0,0,0,0,0,0,2520
0,23,0,0,0,0,0,0,1523
0,389,0,0,0,0,0,0,3288
0,164,0,0,0,0,0,0,1095
0,2,0,0,0,0,0,0,4695
0,208,0,0,0,0,0,0,356
0,332,0,0,0,0,0,0,1225
0,129,0,0,0,0,0,0,1167
0,211,0,0,0,0,0,0,2377
0,377,0,0,0,0,0,0,3329
0,98,0,0,0,0,0,0,1736
0,279,0,0,0,0,0,0,2665
0,342,0,0,0,0,0,0,2768
0,167,0,0,0,0,0,0,4975
0,212,0,0,0,0,0,0,599
0,244,0,0,0,0,0,0,1737
0,140,0,0,0,0,0,0,92
0,66,0,0,0,0,0,0,653
0,252,0,0,0,0,0,0,2932
0,156,0,0,0,0,0,0,2743
0,229,0,0,0,0,0,0,2561
0,105,0,0,0,0,0,0,2989
0,363,0,0,0,0,0,0,4188
0,314,0,0,0,0,0,0,3667
0,329,0,0,0,0,0,0,339
0,340,0,0,0,0,0,0,4582
0,89,0,0,0,0,0,0,149
0,314,0,0,0,0,0,0,1543
0,32,0,0,0,0,0,0,996
0,186,0,0,0,0,0,0,440
0,322,0,0,0,0,0,0,2515
0,228,0,0,0,0,0,0,2639
0,237,0,0,0,0,0,0,4777
0,328,0,0,0,0,0,0,1109
0,147,0,0,0,0,0,0,3335
0,74,0,0,0,0,0,0,166
0,92,0,0,0,0,0,0,2112
0,188,0,0,0,0,0,0,3704
0,399,0,0,0,0,0,0,4960
0,56,0,0,0,0,0,0,3791
0,286,0,0,0,0,0,0,4166
0,331,0,0,0,0,0,0,4111
0,307,0,0,0,0,0,0,663
0,0,0,0,0,0,0,0,3880
0,170,0,0,0,0,0,0,393
0,250,0,0,0,0,0,0,1269
0,23,0,0,0,0,0,0,2142
0,195,0,0,0,0,0,0,604
0,270,0,0,0,0,0,0,1711
0,347,0,0,0,0,0,0,1064
0,324,0,0,0,0,0,0,3467
0,280,0,0,0,0,0,0,403
0,244,0,0,0,0,0,0,3893
0,300,0,0,0,0,0,0,4353
0,146,0,0,0,0,0,0,1849
0,0,0,0,0,0,0,0,4766
0,4,0,0,0,0,0,0,2297
0,200,0,0,0,0,0,0,2214
0,343,0,0,0,0,0,0,3152
0,366,0,0,0,0,0,0,2573
0,145,0,0,0,0,0,0,318
0,363,0,0,0,0,0,0,3042
0,127,0,0,0,0,0,0,1139
0,118,0,0,0,0,0,0,3580
0,330,0,0,0,0,0,0,2111
0,149,0,0,0,0,0,0,1413
0,55,0,0,0,0,0,0,3184
0,345,0,0,0,0,0,0,1549
0,339,0,0,0,0,0,0,1391
0,99,0,0,0,0,0,0,4281
0,210,0,0,0,0,0,0,3252
0,264,0,0,0,0,0,0,3494
0,15,0,0,0,0,0,0,4197
0,21,0,0,0,0,0,0,3870
0,371,0,0,0,0,0,0,4698
0,163,0,0,0,0,0,0,744
0,170,0,0,0,0,0,0,2297
0,289,0,0,0,0,0,0,4145
0,275,0,0,0,0,0,0,1455
0,35,0,0,0,0,0,0,4249
0,252,0,0,0,0,0,0,1534
0,101,0,0,0,0,0,0,623
0,228,0,0,0,0,0,0,1890
0,305,0,0,0,0,0,0,1652
0,230,0,0,0,0,0,0,4373
0,380,0,0,0,0,0,0,3328
0,311,0,0,0,0,0,0,4562
0,290,0,0,0,0,0,0,725
0,165,0,0,0,0,0,0,1086
0,127,0,0,0,0,0,0,1596
0,398,0,0,0,0,0,0,3134
0,215,0,0,0,0,0,0,405
0,267,0,0,0,0,0,0,622
0,1,0,0,0,0,0,0,4004
0,354,0,0,0,0,0,0,4508
0,319,0,0,0,0,0,0,2701
0,37,0,0,0,0,0,0,652
0,141,0,0,0,0,0,0,859
0,214,0,0,0,0,0,0,1939
0,323,0,0,0,0,0,0,3580
0,40,0,0,0,0,0,0,3344
0,186,0,0,0,0,0,0,2325
0,318,0,0,0,0,0,0,4893
0,262,0,0,0,0,0,0,4357
0,142,0,0,0,0,0,0,1775
0,222,0,0,0,0,0,0,1208
0,328,0,0,0,0,0,0,3203
0,142,0,0,0,0,0,0,23
0,375,0,0,0,0,0,0,4090
0,296,0,0,0,0,0,0,4536
0,138,0,0,0,0,0,0,1451
0,209,0,0,0,0,0,0,4272
0,86,0,0,0,0,0,0,1361
0,189,0,0,0,0,0,0,666
0,371,0,0,0,0,0,0,261
0,145,0,0,0,0,0,0,4402
0,278,0,0,0,0,0,0,1245
0,302,0,0,0,0,0,0,4286
0,177,0,0,0,0,0,0,1350
0,284,0,0,0,0,0,0,1419
0,43,0,0,0,0,0,0,2968
0,324,0,0,0,0,0,0,2399
0,196,0,0,0,0,0,0,2890
0,44,0,0,0,0,0,0,2930
0,143,0,0,0,0,0,0,2380
0,124,0,0,0,0,0,0,1633
0,61,0,0,0,0,0,0,688
0,364,0,0,0,0,0,0,3345
0,255,0,0,0,0,0,0,1368
0,120,0,0,0,0,0,0,629
0,190,0,0,0,0,0,0,1753
0,110,0,0,0,0,0,0,2708
0,358,0,0,0,0,0,0,3794
0,103,0,0,0,0,0,0,1792
0,162,0,0,0,0,0,0,1473
0,245,0,0,0,0,0,0,3731
0,380,0,0,0,0,0,0,4444
0,166,0,0,0,0,0,0,611
0,374,0,0,0,0,0,0,3687
0,56,0,0,0,0,0,0,556
0,374,0,0,0,0,0,0,1266
0,326,0,0,0,0,0,0,4155
0,80,0,0,0,0,0,0,4122
0,280,0,0,0,0,0,0,647
0,187,0,0,0,0,0,0,703
0,361,0,0,0,0,0,0,1564
0,70,0,0,0,0,0,0,3189
0,189,0,0,0,0,0,0,2201
0,196,0,0,0,0,0,0,4426
0,63,0,0,0,0,0,0,1082
0,37,0,0,0,0,0,0,1073
0,121,0,0,0,0,0,0,1266
0,164,0,0,0,0,0,0,1660
0,0,0,0,0,0,0,0,2395
0,293,0,0,0,0,0,0,4533
0,100,0,0,0,0,0,0,2195
0,61,0,0,0,0,0,0,4770
0,361,0,0,0,0,0,0,3753
0,97,0,0,0,0,0,0,3193
0,166,0,0,0,0,0,0,4086
0,284,0,0,0,0,0,0,2342
0,109,0,0,0,0,0,0,470
0,290,0,0,0,0,0,0,1386
0,21,0,0,0,0,0,0,2425
0,94,0,0,0,0,0,0,2425
0,320,0,0,0,0,0,0,354
0,331,0,0,0,0,0,0,4003
0,112,0,0,0,0,0,0,791
0,180,0,0,0,0,0,0,4419
0,218,0,0,0,0,0,0,474
0,133,0,0,0,0,0,0,739
0,197,0,0,0,0,0,0,340
0,350,0,0,0,0,0,0,90
0,83,0,0,0,0,0,0,4138
0,182,0,0,0,0,0,0,2855
0,345,0,0,0,0,0,0,2133
0,82,0,0,0,0,0,0,974
0,363,0,0,0,0,0,0,40
0,358,0,0,0,0,0,0,2329
0,242,0,0,0,0,0,0,760
0,5,0,0,0,0,0,0,3175
0,371,0,0,0,0,0,0,4480
0,189,0,0,0,0,0,0,1429
0,96,0,0,0,0,0,0,1750
0,383,0,0,0,0,0,0,2530
0,192,0,0,0,0,0,0,2619
0,157,0,0,0,0,0,0,3842
0,165,0,0,0,0,0,0,3422
0,166,0,0,0,0,0,0,1236
0,154,0,0,0,0,0,0,3034
0,313,0,0,0,0,0,0,2397
0,293,0,0,0,0,0,0,4568
0,23,0,0,0,0,0,0,4224
0,370,0,0,0,0,0,0,1952
0,5,0,0,0,0,0,0,359
0,124,0,0,0,0,0,0,3670
0,291,0,0,0,0,0,0,1509
0,349,0,0,0,0,0,0,3429
0,2,0,0,0,0,0,0,4909
0,188,0,0,0,0,0,0,4435
0,177,0,0,0,0,0,0,4385
0,174,0,0,0,0,0,0,2400
0,331,0,0,0,0,0,0,4998
0,6,0,0,0,0,0,0,4304
0,259,0,0,0,0,0,0,1912
0,213,0,0,0,0,0,0,2566
0,39,0,0,0,0,0,0,3733
0,296,0,0,0,0,0,0,279
0,285,0,0,0,0,0,0,854
0,196,0,0,0,0,0,0,3828
0,165,0,0,0,0,0,0,1721
0,315,0,0,0,0,0,0,981
0,209,0,0,0,0,0,0,4448
0,154,0,0,0,0,0,0,3275
0,196,0,0,0,0,0,0,4095
0,77,0,0,0,0,0,0,214
0,7,0,0,0,0,0,0,3501
0,334,0,0,0,0,0,0,2377
0,53,0,0,0,0,0,0,260
0,357,0,0,0,0,0,0,2845
0,71,0,0,0,0,0,0,1564
0,288,0,0,0,0,0,0,4506
0,397,0,0,0,0,0,0,4181
0,244,0,0,0,0,0,0,4327
0,360,0,0,0,0,0,0,1657
0,246,0,0,0,0,0,0,4318
0,273,0,0,0,0,0,0,3846
0,109,0,0,0,0,0,0,562
0,167,0,0,0,0,0,0,2432
0,194,0,0,0,0,0,0,3958
0,315,0,0,0,0,0,0,108
0,142,0,0,0,0,0,0,4178
0,186,0,0,0,0,0,0,3760
0,273,0,0,0,0,0,0,1383
0,144,0,0,0,0,0,0,1463
0,235,0,0,0,0,0,0,4395
0,167,0,0,0,0,0,0,318
0,360,0,0,0,0,0,0,4593
0,34,0,0,0,0,0,0,3109
0,188,0,0,0,0,0,0,4124
0,301,0,0,0,0,0,0,3377
0,125,0,0,0,0,0,0,921
0,50,0,0,0,0,0,0,54
0,3,0,0,0,0,0,0,4216
0,396,0,0,0,0,0,0,4064
0,43,0,0,0,0,0,0,866
0,238,0,0,0,0,0,0,2146
0,75,0,0,0,0,0,0,687
0,393,0,0,0,0,0,0,2298
0,38,0,0,0,0,0,0,1121
0,185,0,0,0,0,0,0,2520
0,366,0,0,0,0,0,0,2238
0,178,0,0,0,0,0,0,498
0,392,0,0,0,0,0,0,1659
0,108,0,0,0,0,0,0,4393
0,62,0,0,0,0,0,0,4770
0,296,0,0,0,0,0,0,3957
0,131,0,0,0,0,0,0,4743
0,158,0,0,0,0,0,0,4705
0,257,0,0,0,0,0,0,684
0,300,0,0,0,0,0,0,2452
0,231,0,0,0,0,0,0,3655
0,304,0,0,0,0,0,0,1962
0,156,0,0,0,0,0,0,3459
0,50,0,0,0,0,0,0,3251
0,75,0,0,0,0,0,0,1701
0,160,0,0,0,0,0,0,1902
0,150,0,0,0,0,0,0,235
0,34,0,0,0,0,0,0,2483
0,105,0,0,0,0,0,0,3070
0,172,0,0,0,0,0,0,882
0,59,0,0,0,0,0,0,948
0,196,0,0,0,0,0,0,3507
0,81,0,0,0,0,0,0,169
0,30,0,0,0,0,0,0,2863
0,99,0,0,0,0,0,0,1414
0,200,0,0,0,0,0,0,3627
0,18,0,0,0,0,0,0,4716
0,276,0,0,0,0,0,0,3243
0,324,0,0,0,0,0,0,2377
0,322,0,0,0,0,0,0,1511
0,111,0,0,0,0,0,0,1350
0,144,0,0,0,0,0,0,1130
0,181,0,0,0,0,0,0,4990
0,88,0,0,0,0,0,0,678
0,149,0,0,0,0,0,0,280
0,251,0,0,0,0,0,0,502
0,87,0,0,0,0,0,0,2572
0,383,0,0,0,0,0,0,2890
0,218,0,0,0,0,0,0,4319
0,230,0,0,0,0,0,0,3414
0,81,0,0,0,0,0,0,800
0,258,0,0,0,0,0,0,1007
0,341,0,0,0,0,0,0,3511
0,345,0,0,0,0,0,0,4733
0,351,0,0,0,0,0,0,4539
0,53,0,0,0,0,0,0,702
0,293,0,0,0,0,0,0,4276
0,159,0,0,0,0,0,0,3224
0,120,0,0,0,0,0,0,1808
0,268,0,0,0,0,0,0,781
0,135,0,0,0,0,0,0,3848
0,280,0,0,0,0,0,0,99
0,45,0,0,0,0,0,0,4487
0,218,0,0,0,0,0,0,3018
0,279,0,0,0,0,0,0,2268
0,298,0,0,0,0,0,0,509
0,253,0,0,0,0,0,0,2801
0,215,0,0,0,0,0,0,2068
0,23,0,0,0,0,0,0,91
0,241,0,0,0,0,0,0,513
0,13,0,0,0,0,0,0,4945
0,349,0,0,0,0,0,0,593
0,211,0,0,0,0,0,0,518
0,173,0,0,0,0,0,0,4453
0,209,0,0,0,0,0,0,2591
0,180,0,0,0,0,0,0,4694
0,269,0,0,0,0,0,0,970
0,174,0,0,0,0,0,0,4879
0,272,0,0,0,0,0,0,3439
0,52,0,0,0,0,0,0,3357
0,46,0,0,0,0,0,0,3929
0,273,0,0,0,0,0,0,1926
0,94,0,0,0,0,0,0,4543
0,110,0,0,0,0,0,0,1461
0,206,0,0,0,0,0,0,1275
0,248,0,0,0,0,0,0,1579
0,131,0,0,0,0,0,0,962
0,346,0,0,0,0,0,0,2775
0,196,0,0,0,0,0,0,999
0,260,0,0,0,0,0,0,2770
0,29,0,0,0,0,0,0,3287
0,278,0,0,0,0,0,0,255
0,234,0,0,0,0,0,0,1792
0,238,0,0,0,0,0,0,1984
0,28,0,0,0,0,0,0,1607
0,82,0,0,0,0,0,0,2286
0,187,0,0,0,0,0,0,3024
0,6,0,0,0,0,0,0,4489
0,226,0,0,0,0,0,0,711
0,327,0,0,0,0,0,0,3521
0,64,0,0,0,0,0,0,3716
0,131,0,0,0,0,0,0,1360
0,154,0,0,0,0,0,0,1920
0,362,0,0,0,0,0,0,4533
0,231,0,0,0,0,0,0,302
0,299,0,0,0,0,0,0,170
0,119,0,0,0,0,0,0,2335
0,288,0,0,0,0,0,0,61
0,384,0,0,0,0,0,0,1559
0,224,0,0,0,0,0,0,4123
0,52,0,0,0,0,0,0,105
0,278,0,0,0,0,0,0,2956
0,119,0,0,0,0,0,0,950
0,289,0,0,0,0,0,0,1302
0,341,0,0,0,0,0,0,3
0,70,0,0,0,0,0,0,2394
0,50,0,0,0,0,0,0,1777
0,321,0,0,0,0,0,0,2577
0,169,0,0,0,0,0,0,1121
0,310,0,0,0,0,0,0,1774
0,182,0,0,0,0,0,0,4769
0,66,0,0,0,0,0,0,852
0,233,0,0,0,0,0,0,1597
0,201,0,0,0,0,0,0,603
0,220,0,0,0,0,0,0,332
0,151,0,0,0,0,0,0,152
0,214,0,0,0,0,0,0,2542
0,175,0,0,0,0,0,0,14
0,171,0,0,0,0,0,0,4301
0,77,0,0,0,0,0,0,3659
0,284,0,0,0,0,0,0,2321
0,99,0,0,0,0,0,0,4872
0,336,0,0,0,0,0,0,4338
0,124,0,0,0,0,0,0,2229
0,148,0,0,0,0,0,0,692
0,351,0,0,0,0,0,0,4317
0,263,0,0,0,0,0,0,1121
0,230,0,0,0,0,0,0,3976
0,298,0,0,0,0,0,0,4174
0,212,0,0,0,0,0,0,3343
0,138,0,0,0,0,0,0,4669
0,290,0,0,0,0,0,0,1442
0,93,0,0,0,0,0,0,820
0,187,0,0,0,0,0,0,3915
0,79,0,0,0,0,0,0,734
0,335,0,0,0,0,0,0,2025
0,32,0,0,0,0,0,0,2859
0,335,0,0,0,0,0,0,4580
0,124,0,0,0,0,0,0,1255
0,290,0,0,0,0,0,0,871
0,267,0,0,0,0,0,0,4898
0,114,0,0,0,0,0,0,1491
0,104,0,0,0,0,0,0,2309
0,331,0,0,0,0,0,0,292
0,24,0,0,0,0,0,0,183
0,377,0,0,0,0,0,0,4244
0,177,0,0,0,0,0,0,4077
0,393,0,0,0,0,0,0,2998
0,108,0,0,0,0,0,0,2991
0,206,0,0,0,0,0,0,3405
0,19,0,0,0,0,0,0,3257
0,53,0,0,0,0,0,0,941
0,116,0,0,0,0,0,0,2519
0,212,0,0,0,0,0,0,609
0,179,0,0,0,0,0,0,4077
0,77,0,0,0,0,0,0,2854
0,162,0,0,0,0,0,0,1203
0,304,0,0,0,0,0,0,594
0,154,0,0,0,0,0,0,4471
0,104,0,0,0,0,0,0,648
0,39,0,0,0,0,0,0,2994
0,87,0,0,0,0,0,0,3300
0,328,0,0,0,0,0,0,4838
0,374,0,0,0,0,0,0,3128
0,223,0,0,0,0,0,0,1651
0,186,0,0,0,0,0,0,485
0,365,0,0,0,0,0,0,1774
0,47,0,0,0,0,0,0,3429
0,62,0,0,0,0,0,0,193
0,126,0,0,0,0,0,0,2517
0,27,0,0,0,0,0,0,2439
0,15,0,0,0,0,0,0,2528
0,386,0,0,0,0,0,0,1234
0,18,0,0,0,0,0,0,1278
0,306,0,0,0,0,0,0,221
0,337,0,0,0,0,0,0,864
0,122,0,0,0,0,0,0,4588
0,375,0,0,0,0,0,0,2585
0,354,0,0,0,0,0,0,934
0,241,0,0,0,0,0,0,3000
0,24,0,0,0,0,0,0,2141
0,399,0,0,0,0,0,0,1706
0,189,0,0,0,0,0,0,394
0,343,0,0,0,0,0,0,1295
0,226,0,0,0,0,0,0,2379
0,3,0,0,0,0,0,0,2980
0,71,0,0,0,0,0,0,4707
0,7,0,0,0,0,0,0,3253
0,365,0,0,0,0,0,0,2785
0,172,0,0,0,0,0,0,326
0,135,0,0,0,0,0,0,3173
0,144,0,0,0,0,0,0,3587
0,179,0,0,0,0,0,0,2974
0,296,0,0,0,0,0,0,2529
0,70,0,0,0,0,0,0,1144
0,366,0,0,0,0,0,0,3068
0,60,0,0,0,0,0,0,4007
0,292,0,0,0,0,0,0,1129
0,46,0,0,0,0,0,0,2363
0,92,0,0,0,0,0,0,2578
0,170,0,0,0,0,0,0,4331
0,56,0,0,0,0,0,0,4799
0,310,0,0,0,0,0,0,276
0,296,0,0,0,0,0,0,2302
0,387,0,0,0,0,0,0,4595
0,5,0,0,0,0,0,0,4762
0,172,0,0,0,0,0,0,2814
0,10,0,0,0,0,0,0,2526
0,288,0,0,0,0,0,0,1292
0,92,0,0,0,0,0,0,4924
0,365,0,0,0,0,0,0,136
0,209,0,0,0,0,0,0,1461
0,185,0,0,0,0,0,0,1727
0,30,0,0,0,0,0,0,950
0,160,0,0,0,0,0,0,589
0,294,0,0,0,0,0,0,1518
0,99,0,0,0,0,0,0,82
0,324,0,0,0,0,0,0,682
0,399,0,0,0,0,0,0,667
0,279,0,0,0,0,0,0,4456
0,156,0,0,0,0,0,0,4296
0,234,0,0,0,0,0,0,2382
0,125,0,0,0,0,0,0,4890
0,276,0,0,0,0,0,0,4985
0,207,0,0,0,0,0,0,1769
0,237,0,0,0,0,0,0,1502
0,295,0,0,0,0,0,0,4934
0,177,0,0,0,0,0,0,2851
0,256,0,0,0,0,0,0,3018
0,359,0,0,0,0,0,0,2727
0,389,0,0,0,0,0,0,4826
0,306,0,0,0,0,0,0,2142
0,313,0,0,0,0,0,0,2801
0,376,0,0,0,0,0,0,2053
0,257,0,0,0,0,0,0,1658
0,290,0,0,0,0,0,0,3879
0,2,0,0,0,0,0,0,1181
0,312,0,0,0,0,0,0,659
0,135,0,0,0,0,0,0,3998
0,113,0,0,0,0,0,0,1717
0,5,0,0,0,0,0,0,1631
0,286,0,0,0,0,0,0,4994
0,144,0,0,0,0,0,0,3846
0,389,0,0,0,0,0,0,2182
0,198,0,0,0,0,0,0,160
0,185,0,0,0,0,0,0,4421
0,46,0,0,0,0,0,0,3985
0,399,0,0,0,0,0,0,398
0,22,0,0,0,0,0,0,1836
0,284,0,0,0,0,0,0,294
0,294,0,0,0,0,0,0,2393
0,334,0,0,0,0,0,0,2400
0,298,0,0,0,0,0,0,1253
0,174,0,0,0,0,0,0,4792
0,232,0,0,0,0,0,0,1521
0,319,0,0,0,0,0,0,486
0,191,0,0,0,0,0,0,1350
0,211,0,0,0,0,0,0,4148
0,311,0,0,0,0,0,0,457
0,139,0,0,0,0,0,0,2712
0,253,0,0,0,0,0,0,324
0,79,0,0,0,0,0,0,1547
0,299,0,0,0,0,0,0,68
0,352,0,0,0,0,0,0,4643
0,232,0,0,0,0,0,0,1581
0,337,0,0,0,0,0,0,227
0,28,0,0,0,0,0,0,4608
0,87,0,0,0,0,0,0,77
0,83,0,0,0,0,0,0,1369
0,345,0,0,0,0,0,0,996
0,344,0,0,0,0,0,0,3339
0,174,0,0,0,0,0,0,385
0,127,0,0,0,0,0,0,4577
0,162,0,0,0,0,0,0,3204
0,219,0,0,0,0,0,0,1171
0,166,0,0,0,0,0,0,240
0,208,0,0,0,0,0,0,1789
0,294,0,0,0,0,0,0,4200
0,102,0,0,0,0,0,0,92
0,168,0,0,0,0,0,0,4983
0,172,0,0,0,0,0,0,696
0,307,0,0,0,0,0,0,1045
0,277,0,0,0,0,0,0,256
0,367,0,0,0,0,0,0,3526
0,83,0,0,0,0,0,0,1825
0,313,0,0,0,0,0,0,3988
0,222,0,0,0,0,0,0,1541
0,396,0,0,0,0,0,0,2678
0,394,0,0,0,0,0,0,2090
0,370,0,0,0,0,0,0,982
0,257,0,0,0,0,0,0,3202
0,131,0,0,0,0,0,0,1968
0,288,0,0,0,0,0,0,871
0,291,0,0,0,0,0,0,5000
0,387,0,0,0,0,0,0,1351
0,308,0,0,0,0,0,0,4801
0,123,0,0,0,0,0,0,626
0,7,0,0,0,0,0,0,4312
0,89,0,0,0,0,0,0,4476
0,96,0,0,0,0,0,0,3226
0,219,0,0,0,0,0,0,953
0,307,0,0,0,0,0,0,1137
0,307,0,0,0,0,0,0,619
0,108,0,0,0,0,0,0,3520
0,248,0,0,0,0,0,0,726
0,211,0,0,0,0,0,0,4937
0,186,0,0,0,0,0,0,2718
0,28,0,0,0,0,0,0,403
0,294,0,0,0,0,0,0,1635
0,228,0,0,0,0,0,0,540
0,263,0,0,0,0,0,0,4902
0,158,0,0,0,0,0,0,3449
0,276,0,0,0,0,0,0,4475
0,44,0,0,0,0,0,0,2033
0,388,0,0,0,0,0,0,1201
0,306,0,0,0,0,0,0,4368
0,350,0,0,0,0,0,0,2880
0,337,0,0,0,0,0,0,2428
0,229,0,0,0,0,0,0,4222
0,190,0,0,0,0,0,0,3030
0,195,0,0,0,0,0,0,637
0,70,0,0,0,0,0,0,499
0,18,0,0,0,0,0,0,798
0,164,0,0,0,0,0,0,1409
0,396,0,0,0,0,0,0,4613
0,221,0,0,0,0,0,0,4080
0,168,0,0,0,0,0,0,4871
0,357,0,0,0,0,0,0,571
0,51,0,0,0,0,0,0,2079
0,133,0,0,0,0,0,0,954
0,322,0,0,0,0,0,0,89
0,301,0,0,0,0,0,0,3186
0,311,0,0,0,0,0,0,2853
0,328,0,0,0,0,0,0,2502
0,316,0,0,0,0,0,0,3262
0,119,0,0,0,0,0,0,91
0,95,0,0,0,0,0,0,3539
0,63,0,0,0,0,0,0,4307
0,0,0,0,0,0,0,0,1036
0,294,0,0,0,0,0,0,4619
0,57,0,0,0,0,0,0,149
0,187,0,0,0,0,0,0,158
0,313,0,0,0,0,0,0,4834
0,82,0,0,0,0,0,0,727
0,66,0,0,0,0,0,0,4475
0,133,0,0,0,0,0,0,4265
0,117,0,0,0,0,0,0,874
0,357,0,0,0,0,0,0,247
0,395,0,0,0,0,0,0,1919
0,0,0,0,0,0,0,0,1843
0,169,0,0,0,0,0,0,862
0,26,0,0,0,0,0,0,2724
0,119,0,0,0,0,0,0,4428
0,171,0,0,0,0,0,0,2372
0,340,0,0,0,0,0,0,3109
0,286,0,0,0,0,0,0,2699
0,264,0,0,0,0,0,0,4488
0,80,0,0,0,0,0,0,4423
0,264,0,0,0,0,0,0,2286
0,226,0,0,0,0,0,0,1869
0,218,0,0,0,0,0,0,1384
0,334,0,0,0,0,0,0,3983
0,232,0,0,0,0,0,0,2923
0,103,0,0,0,0,0,0,2053
0,322,0,0,0,0,0,0,4047
0,98,0,0,0,0,0,0,2475
0,247,0,0,0,0,0,0,4900
0,391,0,0,0,0,0,0,1176
0,227,0,0,0,0,0,0,4414
0,37,0,0,0,0,0,0,2279
0,189,0,0,0,0,0,0,4504
0,137,0,0,0,0,0,0,4524
0,271,0,0,0,0,0,0,1615
0,311,0,0,0,0,0,0,1918
0,13,0,0,0,0,0,0,2584
0,91,0,0,0,0,0,0,871
0,111,0,0,0,0,0,0,1183
0,220,0,0,0,0,0,0,1238
0,216,0,0,0,0,0,0,2199
0,93,0,0,0,0,0,0,4707
0,202,0,0,0,0,0,0,3981
0,16,0,0,0,0,0,0,4809
0,6,0,0,0,0,0,0,2983
0,105,0,0,0,0,0,0,306
0,193,0,0,0,0,0,0,3121
0,75,0,0,0,0,0,0,1808
0,40,0,0,0,0,0,0,4347
0,316,0,0,0,0,0,0,25
0,262,0,0,0,0,0,0,1784
0,299,0,0,0,0,0,0,3000
0,157,0,0,0,0,0,0,2779
0,261,0,0,0,0,0,0,141
0,79,0,0,0,0,0,0,1679
0,285,0,0,0,0,0,0,4865
0,386,0,0,0,0,0,0,4087
0,235,0,0,0,0,0,0,2928
0,97,0,0,0,0,0,0,4599
0,332,0,0,0,0,0,0,4436
0,244,0,0,0,0,0,0,1684
0,244,0,0,0,0,0,0,1771
0,86,0,0,0,0,0,0,290
0,75,0,0,0,0,0,0,2807
0,180,0,0,0,0,0,0,1474
0,208,0,0,0,0,0,0,2224
0,222,0,0,0,0,0,0,4360
0,286,0,0,0,0,0,0,4639
0,273,0,0,0,0,0,0,285
0,366,0,0,0,0,0,0,1277
0,58,0,0,0,0,0,0,590
0,286,0,0,0,0,0,0,2559
0,227,0,0,0,0,0,0,170
0,177,0,0,0,0,0,0,1028
0,190,0,0,0,0,0,0,3985
0,382,0,0,0,0,0,0,490
0,305,0,0,0,0,0,0,1802
0,385,0,0,0,0,0,0,58
0,255,0,0,0,0,0,0,36
0,370,0,0,0,0,0,0,582
0,62,0,0,0,0,0,0,366
0,301,0,0,0,0,0,0,3100
0,249,0,0,0,0,0,0,4183
0,14,0,0,0,0,0,0,3583
0,28,0,0,0,0,0,0,3436
0,331,0,0,0,0,0,0,2624
0,54,0,0,0,0,0,0,3613
0,211,0,0,0,0,0,0,219
0,32,0,0,0,0,0,0,1434
0,4,0,0,0,0,0,0,692
0,338,0,0,0,0,0,0,3756
0,21,0,0,0,0,0,0,3456
0,291,0,0,0,0,0,0,1043
