M_HBUSREQ,M_HADDR,M_HTRANS,M_HSIZE,M_HBURST,M_HPROT,M_HLOCK,M_HWRITE,M_HWDATA,Cluster,Coverage
0,119,0,0,0,0,0,1,2989,0,0
0,6,0,0,0,0,0,0,3118,3,0
0,332,0,0,0,0,0,1,4470,0,0
0,79,0,0,0,0,0,1,726,0,0
1,133,0,0,0,0,0,0,2591,1,0
0,166,0,0,0,0,0,0,894,3,0
1,326,0,0,0,0,0,1,4768,2,0
1,116,0,0,0,0,0,0,1559,1,0
0,235,0,0,0,0,0,1,937,0,0
0,121,0,0,0,0,0,0,3667,3,0
1,57,0,0,0,0,0,0,4131,1,0
1,91,0,0,0,0,0,1,4990,2,0
0,268,0,0,0,0,0,1,2854,0,0
1,189,0,0,0,0,0,1,2680,2,0
0,372,0,0,0,0,0,0,99,3,0
1,141,0,0,0,0,0,0,4981,1,0
1,380,0,0,0,0,0,1,3144,2,0
0,291,0,0,0,0,0,0,1631,3,0
0,55,0,0,0,0,0,0,1134,3,0
0,76,0,0,0,0,0,1,1916,0,0
0,172,0,0,0,0,0,0,4444,3,0
1,329,0,0,0,0,0,1,618,2,0
0,305,0,0,0,0,0,1,2181,0,0
0,252,0,0,0,0,0,0,2459,3,0
1,247,0,0,0,0,0,0,4375,1,0
0,141,0,0,0,0,0,1,1918,0,0
1,374,0,0,0,0,0,1,873,2,0
1,87,0,0,0,0,0,0,1889,1,0
1,81,0,0,0,0,0,1,3806,2,0
1,349,0,0,0,0,0,1,3649,2,0
1,303,0,0,0,0,0,1,2188,2,0
0,54,0,0,0,0,0,1,1330,0,0
0,14,0,0,0,0,0,1,2111,0,0
1,389,0,0,0,0,0,1,2047,2,0
0,186,0,0,0,0,0,1,1190,0,0
1,374,0,0,0,0,0,1,3989,2,0
1,242,0,0,0,0,0,0,1846,1,0
1,297,0,0,0,0,0,0,1930,1,0
0,297,0,0,0,0,0,0,3656,3,0
1,154,0,0,0,0,0,0,3862,1,0
0,387,0,0,0,0,0,0,2755,3,0
0,213,0,0,0,0,0,0,3227,3,0
0,326,0,0,0,0,0,0,3021,3,0
1,217,0,0,0,0,0,0,4955,1,0
1,269,0,0,0,0,0,1,3248,2,0
0,10,0,0,0,0,0,1,4619,0,0
1,259,0,0,0,0,0,0,2260,1,0
0,289,0,0,0,0,0,0,3560,3,0
1,261,0,0,0,0,0,0,3943,1,0
0,232,0,0,0,0,0,0,3538,3,0
0,294,0,0,0,0,0,1,56,0,0
1,298,0,0,0,0,0,1,1956,2,0
1,118,0,0,0,0,0,1,1359,2,0
1,173,0,0,0,0,0,0,2070,1,0
0,40,0,0,0,0,0,1,1,0,0
0,206,0,0,0,0,0,1,4572,0,0
1,352,0,0,0,0,0,0,4478,1,0
0,373,0,0,0,0,0,1,806,0,0
0,89,0,0,0,0,0,0,3888,3,0
0,267,0,0,0,0,0,0,4319,3,0
0,241,0,0,0,0,0,0,3419,3,0
1,269,0,0,0,0,0,0,2561,1,0
0,171,0,0,0,0,0,1,1065,0,0
1,307,0,0,0,0,0,0,4939,1,0
1,68,0,0,0,0,0,1,773,2,0
0,198,0,0,0,0,0,1,1004,0,0
0,84,0,0,0,0,0,0,1623,3,0
1,184,0,0,0,0,0,0,4156,1,0
1,103,0,0,0,0,0,0,3060,1,1
1,286,0,0,0,0,0,1,2443,2,0
1,361,0,0,0,0,0,0,1926,1,0
0,130,0,0,0,0,0,0,4243,3,0
1,273,0,0,0,0,0,0,1859,1,0
0,231,0,0,0,0,0,0,576,3,0
1,235,0,0,0,0,0,0,992,1,0
1,322,0,0,0,0,0,1,4932,2,0
0,362,0,0,0,0,0,1,4343,0,0
1,300,0,0,0,0,0,0,4151,1,0
0,292,0,0,0,0,0,1,280,0,0
0,224,0,0,0,0,0,1,3377,0,0
0,122,0,0,0,0,0,0,1470,3,0
1,195,0,0,0,0,0,1,4534,2,0
1,68,0,0,0,0,0,1,3803,2,0
1,306,0,0,0,0,0,0,4243,1,0
1,170,0,0,0,0,0,1,1689,2,0
0,120,0,0,0,0,0,1,1683,0,0
0,354,0,0,0,0,0,0,43,3,0
0,7,0,0,0,0,0,0,1096,3,0
1,73,0,0,0,0,0,1,2620,2,0
1,217,0,0,0,0,0,0,544,1,1
1,196,0,0,0,0,0,0,800,1,0
1,71,0,0,0,0,0,1,37,2,0
1,58,0,0,0,0,0,1,634,2,0
0,124,0,0,0,0,0,0,3109,3,0
0,307,0,0,0,0,0,1,492,0,0
0,265,0,0,0,0,0,0,1908,3,0
1,17,0,0,0,0,0,1,2047,2,0
0,17,0,0,0,0,0,1,2382,0,0
1,333,0,0,0,0,0,1,1060,2,0
1,117,0,0,0,0,0,0,2224,1,0
1,366,0,0,0,0,0,1,1049,2,0
0,39,0,0,0,0,0,0,3863,3,0
1,44,0,0,0,0,0,0,4607,1,0
1,286,0,0,0,0,0,1,4722,2,0
1,252,0,0,0,0,0,0,4052,1,0
1,181,0,0,0,0,0,1,3306,2,0
0,98,0,0,0,0,0,1,3259,0,0
0,256,0,0,0,0,0,0,1436,3,0
0,69,0,0,0,0,0,0,1478,3,0
0,268,0,0,0,0,0,1,2179,0,0
0,51,0,0,0,0,0,1,3072,0,0
0,295,0,0,0,0,0,1,4444,0,0
0,238,0,0,0,0,0,0,2163,3,0
1,61,0,0,0,0,0,1,3011,2,0
1,333,0,0,0,0,0,1,187,2,0
1,24,0,0,0,0,0,1,1482,2,0
1,21,0,0,0,0,0,0,2783,1,0
1,94,0,0,0,0,0,0,1309,1,0
0,395,0,0,0,0,0,1,4283,0,0
1,75,0,0,0,0,0,1,2419,2,0
0,253,0,0,0,0,0,1,4139,0,0
0,123,0,0,0,0,0,0,2634,3,0
1,236,0,0,0,0,0,1,1759,2,0
1,374,0,0,0,0,0,1,1112,2,0
1,296,0,0,0,0,0,1,1527,2,0
0,21,0,0,0,0,0,1,3792,0,0
1,15,0,0,0,0,0,1,1899,2,0
1,248,0,0,0,0,0,1,227,2,0
0,392,0,0,0,0,0,1,1886,0,0
0,144,0,0,0,0,0,1,3560,0,0
1,62,0,0,0,0,0,1,1281,2,0
0,189,0,0,0,0,0,1,2661,0,0
0,361,0,0,0,0,0,0,2576,3,0
1,100,0,0,0,0,0,1,2961,2,0
0,386,0,0,0,0,0,0,3926,3,0
0,386,0,0,0,0,0,0,4976,3,0
1,42,0,0,0,0,0,0,630,1,0
1,48,0,0,0,0,0,1,356,2,0
0,259,0,0,0,0,0,0,3838,3,0
0,124,0,0,0,0,0,0,4051,3,0
0,329,0,0,0,0,0,0,4938,3,0
0,1,0,0,0,0,0,0,3804,3,0
0,351,0,0,0,0,0,1,4804,0,0
0,349,0,0,0,0,0,0,1732,3,0
1,46,0,0,0,0,0,1,509,2,0
0,356,0,0,0,0,0,1,4984,0,0
0,125,0,0,0,0,0,1,4493,0,0
0,58,0,0,0,0,0,0,4860,3,0
1,45,0,0,0,0,0,0,4735,1,0
0,274,0,0,0,0,0,0,3537,3,0
0,399,0,0,0,0,0,1,1382,0,0
0,58,0,0,0,0,0,1,3066,0,0
0,21,0,0,0,0,0,0,3722,3,0
1,26,0,0,0,0,0,0,3020,1,0
0,108,0,0,0,0,0,0,290,3,0
1,15,0,0,0,0,0,1,586,2,0
0,48,0,0,0,0,0,0,643,3,0
0,110,0,0,0,0,0,1,3045,0,0
1,94,0,0,0,0,0,1,2271,2,0
1,215,0,0,0,0,0,1,4569,2,0
1,204,0,0,0,0,0,0,4292,1,0
1,271,0,0,0,0,0,1,4224,2,0
0,142,0,0,0,0,0,0,1246,3,0
1,67,0,0,0,0,0,0,3903,1,0
0,351,0,0,0,0,0,0,164,3,0
0,213,0,0,0,0,0,1,4340,0,0
0,76,0,0,0,0,0,1,1396,0,0
1,376,0,0,0,0,0,1,4177,2,0
1,373,0,0,0,0,0,1,3867,2,0
0,31,0,0,0,0,0,1,287,0,0
1,90,0,0,0,0,0,0,2391,1,0
1,93,0,0,0,0,0,0,824,1,0
0,322,0,0,0,0,0,0,2511,3,0
0,164,0,0,0,0,0,1,3072,0,0
1,144,0,0,0,0,0,1,2093,2,0
0,393,0,0,0,0,0,0,1856,3,0
0,292,0,0,0,0,0,0,943,3,0
0,54,0,0,0,0,0,0,473,3,0
0,358,0,0,0,0,0,0,1040,3,0
1,303,0,0,0,0,0,0,4963,1,0
0,42,0,0,0,0,0,0,2062,3,0
1,58,0,0,0,0,0,1,420,2,0
0,219,0,0,0,0,0,1,351,0,0
1,64,0,0,0,0,0,0,2468,1,0
1,50,0,0,0,0,0,0,2429,1,0
0,120,0,0,0,0,0,0,2977,3,0
0,201,0,0,0,0,0,0,799,3,0
0,369,0,0,0,0,0,1,4192,0,0
1,222,0,0,0,0,0,0,748,1,0
1,40,0,0,0,0,0,1,1689,2,0
1,398,0,0,0,0,0,0,3973,1,0
0,19,0,0,0,0,0,1,1891,0,0
1,116,0,0,0,0,0,1,3264,2,0
0,356,0,0,0,0,0,1,4125,0,0
1,340,0,0,0,0,0,1,2501,2,0
0,334,0,0,0,0,0,0,1101,3,0
0,208,0,0,0,0,0,1,3714,0,0
1,392,0,0,0,0,0,0,3537,1,1
0,291,0,0,0,0,0,0,2107,3,0
0,359,0,0,0,0,0,0,4936,3,0
1,202,0,0,0,0,0,0,2225,1,0
1,369,0,0,0,0,0,0,3298,1,0
0,309,0,0,0,0,0,0,1114,3,0
1,90,0,0,0,0,0,1,242,2,0
1,58,0,0,0,0,0,1,1483,2,0
1,142,0,0,0,0,0,0,2860,1,0
1,344,0,0,0,0,0,1,3817,2,0
0,176,0,0,0,0,0,0,2667,3,0
1,80,0,0,0,0,0,1,3053,2,0
1,89,0,0,0,0,0,1,4397,2,0
1,224,0,0,0,0,0,0,3273,1,1
0,239,0,0,0,0,0,1,667,0,0
1,336,0,0,0,0,0,1,1106,2,0
0,307,0,0,0,0,0,1,3405,0,0
0,389,0,0,0,0,0,0,3544,3,0
0,105,0,0,0,0,0,1,1475,0,0
1,196,0,0,0,0,0,0,3156,1,0
0,92,0,0,0,0,0,0,2420,3,0
1,0,0,0,0,0,0,0,4328,1,0
0,189,0,0,0,0,0,1,4934,0,0
0,114,0,0,0,0,0,1,4796,0,0
1,66,0,0,0,0,0,0,4499,1,0
0,161,0,0,0,0,0,1,3474,0,0
1,194,0,0,0,0,0,1,1105,2,0
1,259,0,0,0,0,0,1,4563,2,0
1,239,0,0,0,0,0,0,1392,1,0
1,52,0,0,0,0,0,0,3149,1,0
0,327,0,0,0,0,0,0,172,3,0
1,47,0,0,0,0,0,0,1415,1,0
1,99,0,0,0,0,0,0,1804,1,0
1,252,0,0,0,0,0,1,3466,2,0
0,187,0,0,0,0,0,0,398,3,0
0,399,0,0,0,0,0,0,868,3,0
0,162,0,0,0,0,0,0,3169,3,0
0,284,0,0,0,0,0,0,515,3,0
0,86,0,0,0,0,0,0,4769,3,0
0,65,0,0,0,0,0,1,1762,0,0
1,13,0,0,0,0,0,0,2644,1,0
0,258,0,0,0,0,0,0,520,3,0
1,305,0,0,0,0,0,0,641,1,0
0,334,0,0,0,0,0,0,3505,3,0
0,75,0,0,0,0,0,0,1817,3,0
0,137,0,0,0,0,0,0,4390,3,0
0,360,0,0,0,0,0,0,2339,3,0
1,166,0,0,0,0,0,1,2013,2,0
0,296,0,0,0,0,0,0,3614,3,0
1,51,0,0,0,0,0,1,321,2,0
1,155,0,0,0,0,0,1,639,2,0
0,348,0,0,0,0,0,1,1729,0,0
1,321,0,0,0,0,0,0,1580,1,0
1,13,0,0,0,0,0,1,1415,2,0
0,231,0,0,0,0,0,0,1552,3,0
1,248,0,0,0,0,0,1,1205,2,0
1,397,0,0,0,0,0,1,4341,2,0
1,83,0,0,0,0,0,1,312,2,0
0,243,0,0,0,0,0,1,3957,0,0
1,202,0,0,0,0,0,0,266,1,0
0,205,0,0,0,0,0,0,452,3,0
1,233,0,0,0,0,0,1,3685,2,0
0,121,0,0,0,0,0,0,360,3,0
0,87,0,0,0,0,0,0,2695,3,0
0,122,0,0,0,0,0,1,537,0,0
1,83,0,0,0,0,0,0,2440,1,0
1,143,0,0,0,0,0,0,1667,1,0
0,218,0,0,0,0,0,1,3183,0,0
0,268,0,0,0,0,0,1,1847,0,0
0,314,0,0,0,0,0,0,2631,3,0
0,287,0,0,0,0,0,1,857,0,0
0,39,0,0,0,0,0,0,3674,3,0
0,365,0,0,0,0,0,1,2893,0,0
0,207,0,0,0,0,0,1,3476,0,0
1,186,0,0,0,0,0,1,2052,2,0
0,130,0,0,0,0,0,1,2080,0,0
0,109,0,0,0,0,0,1,4201,0,0
1,368,0,0,0,0,0,1,2197,2,0
1,242,0,0,0,0,0,0,249,1,0
1,322,0,0,0,0,0,1,2344,2,0
1,390,0,0,0,0,0,1,4251,2,0
0,140,0,0,0,0,0,0,2480,3,0
0,41,0,0,0,0,0,1,2372,0,0
1,177,0,0,0,0,0,1,3380,2,0
0,3,0,0,0,0,0,0,3176,3,0
1,140,0,0,0,0,0,1,2396,2,0
1,156,0,0,0,0,0,1,506,2,0
0,207,0,0,0,0,0,1,518,0,0
0,83,0,0,0,0,0,1,2755,0,0
1,68,0,0,0,0,0,0,365,1,1
1,399,0,0,0,0,0,0,2460,1,0
0,162,0,0,0,0,0,0,1986,3,0
0,320,0,0,0,0,0,1,4776,0,0
0,126,0,0,0,0,0,0,1988,3,0
1,9,0,0,0,0,0,0,580,1,1
1,30,0,0,0,0,0,1,3303,2,0
1,194,0,0,0,0,0,1,4118,2,0
1,363,0,0,0,0,0,1,1415,2,0
0,235,0,0,0,0,0,1,2011,0,0
1,255,0,0,0,0,0,0,4409,1,0
0,282,0,0,0,0,0,0,3711,3,0
0,391,0,0,0,0,0,1,575,0,0
1,284,0,0,0,0,0,0,1045,1,0
0,79,0,0,0,0,0,1,2673,0,0
1,1,0,0,0,0,0,1,4466,2,0
0,270,0,0,0,0,0,1,4029,0,0
1,265,0,0,0,0,0,1,4681,2,0
1,168,0,0,0,0,0,1,3668,2,0
1,76,0,0,0,0,0,1,4863,2,0
1,163,0,0,0,0,0,0,587,1,0
0,116,0,0,0,0,0,1,753,0,0
1,389,0,0,0,0,0,1,1859,2,0
1,309,0,0,0,0,0,0,547,1,0
0,275,0,0,0,0,0,0,3452,3,0
0,5,0,0,0,0,0,0,1993,3,0
1,222,0,0,0,0,0,1,2563,2,0
1,87,0,0,0,0,0,0,622,1,0
0,38,0,0,0,0,0,1,2893,0,0
0,193,0,0,0,0,0,1,57,0,0
0,155,0,0,0,0,0,0,2011,3,0
0,9,0,0,0,0,0,1,1312,0,0
0,219,0,0,0,0,0,0,2792,3,0
0,74,0,0,0,0,0,0,2790,3,0
0,58,0,0,0,0,0,1,2595,0,0
0,151,0,0,0,0,0,0,535,3,0
0,238,0,0,0,0,0,1,1315,0,0
0,64,0,0,0,0,0,1,3794,0,0
0,363,0,0,0,0,0,0,524,3,0
0,309,0,0,0,0,0,1,2907,0,0
0,248,0,0,0,0,0,0,1030,3,0
1,132,0,0,0,0,0,1,3290,2,0
1,14,0,0,0,0,0,1,3966,2,0
0,280,0,0,0,0,0,0,2349,3,0
1,306,0,0,0,0,0,0,4622,1,0
1,92,0,0,0,0,0,1,373,2,0
0,18,0,0,0,0,0,0,4236,3,0
1,396,0,0,0,0,0,1,3231,2,0
1,28,0,0,0,0,0,1,4065,2,0
1,133,0,0,0,0,0,1,2771,2,0
1,241,0,0,0,0,0,1,1977,2,0
0,202,0,0,0,0,0,0,1253,3,0
0,23,0,0,0,0,0,1,1243,0,0
0,319,0,0,0,0,0,0,4900,3,0
0,120,0,0,0,0,0,1,1132,0,0
0,183,0,0,0,0,0,1,249,0,0
1,343,0,0,0,0,0,1,4386,2,0
0,290,0,0,0,0,0,0,1806,3,0
1,367,0,0,0,0,0,0,3224,1,0
0,61,0,0,0,0,0,0,3147,3,0
0,3,0,0,0,0,0,0,2254,3,0
0,330,0,0,0,0,0,0,1736,3,0
1,368,0,0,0,0,0,0,3247,1,0
0,200,0,0,0,0,0,1,3622,0,0
1,90,0,0,0,0,0,1,711,2,0
1,164,0,0,0,0,0,0,1746,1,0
1,187,0,0,0,0,0,1,2417,2,0
1,35,0,0,0,0,0,1,4759,2,0
0,327,0,0,0,0,0,0,2381,3,0
0,100,0,0,0,0,0,0,4532,3,0
1,32,0,0,0,0,0,0,1894,1,0
0,184,0,0,0,0,0,0,2693,3,0
0,286,0,0,0,0,0,0,4427,3,0
1,157,0,0,0,0,0,1,4818,2,0
1,50,0,0,0,0,0,1,489,2,0
1,70,0,0,0,0,0,1,236,2,0
1,63,0,0,0,0,0,0,1748,1,0
1,376,0,0,0,0,0,0,210,1,0
0,337,0,0,0,0,0,0,4601,3,0
1,170,0,0,0,0,0,0,606,1,0
1,52,0,0,0,0,0,0,1737,1,0
1,398,0,0,0,0,0,0,1345,1,0
1,56,0,0,0,0,0,0,1926,1,0
1,309,0,0,0,0,0,1,493,2,0
0,238,0,0,0,0,0,1,354,0,0
0,106,0,0,0,0,0,0,2759,3,0
0,285,0,0,0,0,0,0,2113,3,0
1,355,0,0,0,0,0,1,1831,2,0
0,76,0,0,0,0,0,1,3735,0,0
0,250,0,0,0,0,0,1,3093,0,0
0,351,0,0,0,0,0,1,872,0,0
0,290,0,0,0,0,0,1,1772,0,0
1,363,0,0,0,0,0,1,2961,2,0
0,229,0,0,0,0,0,0,2089,3,0
0,269,0,0,0,0,0,1,2920,0,0
0,291,0,0,0,0,0,0,2627,3,0
0,375,0,0,0,0,0,1,2348,0,0
0,62,0,0,0,0,0,1,571,0,0
1,97,0,0,0,0,0,1,2830,2,0
1,184,0,0,0,0,0,1,4659,2,0
1,382,0,0,0,0,0,1,1337,2,0
0,340,0,0,0,0,0,1,1565,0,0
0,116,0,0,0,0,0,0,337,3,0
1,195,0,0,0,0,0,1,4799,2,0
1,210,0,0,0,0,0,0,2367,1,0
1,334,0,0,0,0,0,1,1206,2,0
0,390,0,0,0,0,0,1,978,0,0
0,213,0,0,0,0,0,1,872,0,0
1,325,0,0,0,0,0,0,3795,1,0
1,282,0,0,0,0,0,0,1861,1,0
0,181,0,0,0,0,0,0,4090,3,0
0,173,0,0,0,0,0,1,1582,0,0
1,272,0,0,0,0,0,0,2618,1,0
1,75,0,0,0,0,0,0,3121,1,0
0,330,0,0,0,0,0,0,2117,3,0
0,258,0,0,0,0,0,0,1398,3,0
0,238,0,0,0,0,0,1,2563,0,0
0,275,0,0,0,0,0,0,3203,3,0
0,125,0,0,0,0,0,1,3905,0,0
1,314,0,0,0,0,0,0,4565,1,0
1,382,0,0,0,0,0,0,290,1,0
0,71,0,0,0,0,0,1,470,0,0
1,381,0,0,0,0,0,0,1610,1,0
0,261,0,0,0,0,0,1,2717,0,0
1,49,0,0,0,0,0,1,3817,2,0
0,396,0,0,0,0,0,0,2326,3,0
0,292,0,0,0,0,0,1,3761,0,0
0,136,0,0,0,0,0,0,4972,3,0
0,88,0,0,0,0,0,1,3030,0,0
0,333,0,0,0,0,0,0,3601,3,0
1,118,0,0,0,0,0,1,4226,2,0
0,32,0,0,0,0,0,1,2058,0,0
1,325,0,0,0,0,0,1,2501,2,0
0,263,0,0,0,0,0,1,2232,0,0
1,207,0,0,0,0,0,0,4632,1,0
1,352,0,0,0,0,0,0,2833,1,0
0,397,0,0,0,0,0,0,1521,3,0
1,90,0,0,0,0,0,1,3376,2,0
1,194,0,0,0,0,0,1,3025,2,0
0,129,0,0,0,0,0,1,951,0,0
1,261,0,0,0,0,0,0,4258,1,0
1,348,0,0,0,0,0,1,2943,2,0
0,383,0,0,0,0,0,0,1911,3,0
1,383,0,0,0,0,0,1,4124,2,0
1,242,0,0,0,0,0,1,3501,2,0
1,316,0,0,0,0,0,1,2854,2,0
1,374,0,0,0,0,0,1,1901,2,0
0,105,0,0,0,0,0,1,1930,0,0
1,305,0,0,0,0,0,1,2199,2,0
0,341,0,0,0,0,0,1,1026,0,0
0,258,0,0,0,0,0,0,466,3,0
1,29,0,0,0,0,0,0,2564,1,0
0,249,0,0,0,0,0,1,2919,0,0
1,122,0,0,0,0,0,0,4753,1,0
1,214,0,0,0,0,0,0,4901,1,1
1,287,0,0,0,0,0,0,484,1,0
0,142,0,0,0,0,0,0,359,3,0
1,179,0,0,0,0,0,1,2085,2,0
1,100,0,0,0,0,0,0,4214,1,0
1,192,0,0,0,0,0,1,3101,2,0
1,323,0,0,0,0,0,1,3796,2,0
0,41,0,0,0,0,0,0,1206,3,0
0,348,0,0,0,0,0,1,698,0,0
1,144,0,0,0,0,0,0,8,1,0
1,308,0,0,0,0,0,0,2033,1,0
0,55,0,0,0,0,0,1,2448,0,0
1,157,0,0,0,0,0,0,4731,1,0
0,206,0,0,0,0,0,1,561,0,0
0,4,0,0,0,0,0,1,3882,0,0
1,148,0,0,0,0,0,1,2202,2,0
1,350,0,0,0,0,0,1,997,2,0
0,160,0,0,0,0,0,0,4858,3,0
1,114,0,0,0,0,0,1,2506,2,0
0,141,0,0,0,0,0,1,2630,0,0
0,378,0,0,0,0,0,1,3377,0,0
1,327,0,0,0,0,0,0,577,1,0
1,380,0,0,0,0,0,0,4858,1,0
1,142,0,0,0,0,0,0,4451,1,0
0,220,0,0,0,0,0,1,1511,0,0
0,109,0,0,0,0,0,0,1878,3,0
1,299,0,0,0,0,0,0,3040,1,0
1,43,0,0,0,0,0,0,2110,1,0
0,78,0,0,0,0,0,1,2443,0,0
0,198,0,0,0,0,0,0,1147,3,0
0,188,0,0,0,0,0,1,1881,0,0
0,157,0,0,0,0,0,1,455,0,0
0,335,0,0,0,0,0,1,2895,0,0
0,376,0,0,0,0,0,0,4017,3,0
1,215,0,0,0,0,0,1,1244,2,0
1,203,0,0,0,0,0,1,4396,2,0
0,38,0,0,0,0,0,1,3999,0,0
1,36,0,0,0,0,0,1,548,2,0
0,241,0,0,0,0,0,1,3373,0,0
0,52,0,0,0,0,0,1,4563,0,0
0,282,0,0,0,0,0,1,2704,0,0
0,356,0,0,0,0,0,1,3229,0,0
1,247,0,0,0,0,0,0,1708,1,0
0,18,0,0,0,0,0,1,3484,0,0
1,312,0,0,0,0,0,0,242,1,0
1,277,0,0,0,0,0,1,1935,2,0
1,303,0,0,0,0,0,0,28,1,0
0,127,0,0,0,0,0,1,2234,0,0
0,354,0,0,0,0,0,0,4500,3,0
0,301,0,0,0,0,0,0,3795,3,0
1,201,0,0,0,0,0,1,1260,2,0
1,93,0,0,0,0,0,0,994,1,0
0,387,0,0,0,0,0,1,3653,0,0
1,397,0,0,0,0,0,0,4875,1,0
1,187,0,0,0,0,0,0,2335,1,0
0,365,0,0,0,0,0,0,2730,3,0
0,46,0,0,0,0,0,0,1564,3,0
1,375,0,0,0,0,0,0,3795,1,0
0,87,0,0,0,0,0,1,736,0,0
0,43,0,0,0,0,0,0,3248,3,0
0,212,0,0,0,0,0,0,652,3,0
0,143,0,0,0,0,0,0,1751,3,0
1,37,0,0,0,0,0,1,3584,2,0
0,15,0,0,0,0,0,1,4675,0,0
1,2,0,0,0,0,0,1,304,2,0
1,173,0,0,0,0,0,1,3224,2,0
1,156,0,0,0,0,0,0,1796,1,0
1,90,0,0,0,0,0,0,3946,1,0
0,217,0,0,0,0,0,0,616,3,0
0,207,0,0,0,0,0,0,1775,3,0
1,229,0,0,0,0,0,1,4467,2,0
1,395,0,0,0,0,0,1,2093,2,0
1,64,0,0,0,0,0,0,1140,1,0
0,55,0,0,0,0,0,0,3388,3,0
1,307,0,0,0,0,0,1,2670,2,0
0,332,0,0,0,0,0,1,1643,0,0
0,78,0,0,0,0,0,0,3711,3,0
0,192,0,0,0,0,0,0,4803,3,0
1,216,0,0,0,0,0,1,3985,2,0
0,68,0,0,0,0,0,0,2319,3,0
0,327,0,0,0,0,0,0,1955,3,0
0,398,0,0,0,0,0,1,1582,0,0
1,334,0,0,0,0,0,0,294,1,0
1,328,0,0,0,0,0,1,1268,2,0
1,373,0,0,0,0,0,1,1578,2,0
0,21,0,0,0,0,0,0,3483,3,0
1,212,0,0,0,0,0,1,3799,2,0
0,26,0,0,0,0,0,0,983,3,0
0,15,0,0,0,0,0,1,3353,0,0
0,264,0,0,0,0,0,0,240,3,0
0,120,0,0,0,0,0,0,1720,3,0
0,266,0,0,0,0,0,1,2060,0,0
0,26,0,0,0,0,0,0,2588,3,0
0,250,0,0,0,0,0,0,1296,3,0
0,180,0,0,0,0,0,0,3505,3,0
0,314,0,0,0,0,0,1,3400,0,0
1,168,0,0,0,0,0,1,1709,2,0
0,176,0,0,0,0,0,0,3844,3,0
0,152,0,0,0,0,0,1,4521,0,0
0,20,0,0,0,0,0,0,1288,3,0
0,89,0,0,0,0,0,1,4752,0,0
0,115,0,0,0,0,0,1,1492,0,0
1,65,0,0,0,0,0,0,2645,1,0
0,80,0,0,0,0,0,0,4103,3,0
0,190,0,0,0,0,0,0,2627,3,0
0,109,0,0,0,0,0,0,1783,3,0
1,196,0,0,0,0,0,0,720,1,0
0,307,0,0,0,0,0,1,1389,0,0
1,396,0,0,0,0,0,0,3889,1,0
0,132,0,0,0,0,0,0,4945,3,0
0,20,0,0,0,0,0,1,1161,0,0
0,62,0,0,0,0,0,1,3938,0,0
1,213,0,0,0,0,0,0,2908,1,1
0,44,0,0,0,0,0,1,1874,0,0
0,37,0,0,0,0,0,1,4789,0,0
0,55,0,0,0,0,0,0,3355,3,0
1,194,0,0,0,0,0,0,2170,1,0
1,317,0,0,0,0,0,0,583,1,0
1,395,0,0,0,0,0,0,2570,1,0
1,398,0,0,0,0,0,0,3758,1,0
1,102,0,0,0,0,0,0,4641,1,0
0,206,0,0,0,0,0,1,2041,0,0
0,237,0,0,0,0,0,1,4416,0,0
1,398,0,0,0,0,0,1,2824,2,0
0,41,0,0,0,0,0,1,2842,0,0
0,26,0,0,0,0,0,1,3094,0,0
1,78,0,0,0,0,0,1,4199,2,0
0,54,0,0,0,0,0,0,1345,3,0
0,73,0,0,0,0,0,0,3580,3,0
0,258,0,0,0,0,0,0,2142,3,0
0,12,0,0,0,0,0,0,3634,3,0
1,292,0,0,0,0,0,0,4872,1,0
1,12,0,0,0,0,0,0,4958,1,0
0,234,0,0,0,0,0,1,3948,0,0
1,248,0,0,0,0,0,1,654,2,0
1,151,0,0,0,0,0,1,1180,2,0
1,389,0,0,0,0,0,0,1927,1,0
0,302,0,0,0,0,0,1,1063,0,0
1,80,0,0,0,0,0,0,1123,1,0
1,315,0,0,0,0,0,0,1612,1,0
1,338,0,0,0,0,0,1,3825,2,0
1,256,0,0,0,0,0,1,2656,2,0
0,35,0,0,0,0,0,0,3129,3,0
0,163,0,0,0,0,0,1,4384,0,0
0,335,0,0,0,0,0,0,4026,3,0
1,231,0,0,0,0,0,0,4095,1,0
0,205,0,0,0,0,0,0,2233,3,0
0,6,0,0,0,0,0,0,464,3,0
0,125,0,0,0,0,0,0,1040,3,0
0,8,0,0,0,0,0,0,3451,3,0
0,70,0,0,0,0,0,1,806,0,0
0,286,0,0,0,0,0,0,4143,3,0
0,372,0,0,0,0,0,1,4864,0,0
0,172,0,0,0,0,0,1,3686,0,0
0,213,0,0,0,0,0,0,3735,3,0
0,360,0,0,0,0,0,0,2411,3,0
1,90,0,0,0,0,0,1,3701,2,0
1,70,0,0,0,0,0,1,1101,2,0
1,309,0,0,0,0,0,1,487,2,0
1,5,0,0,0,0,0,0,4416,1,0
0,369,0,0,0,0,0,1,4094,0,0
1,350,0,0,0,0,0,1,967,2,0
1,340,0,0,0,0,0,1,4009,2,0
0,55,0,0,0,0,0,0,4293,3,0
0,263,0,0,0,0,0,1,405,0,0
0,365,0,0,0,0,0,0,4834,3,0
0,41,0,0,0,0,0,1,661,0,0
0,275,0,0,0,0,0,1,53,0,0
1,284,0,0,0,0,0,0,4521,1,0
0,142,0,0,0,0,0,0,892,3,0
1,62,0,0,0,0,0,1,3625,2,0
0,95,0,0,0,0,0,1,2439,0,0
1,174,0,0,0,0,0,0,261,1,0
1,197,0,0,0,0,0,1,3322,2,0
0,123,0,0,0,0,0,0,2957,3,0
0,99,0,0,0,0,0,1,106,0,0
0,317,0,0,0,0,0,1,3117,0,0
0,140,0,0,0,0,0,1,2444,0,0
0,389,0,0,0,0,0,1,3218,0,0
1,241,0,0,0,0,0,1,3963,2,0
0,128,0,0,0,0,0,1,146,0,0
0,177,0,0,0,0,0,0,4677,3,0
0,308,0,0,0,0,0,0,4556,3,0
1,329,0,0,0,0,0,1,888,2,0
0,266,0,0,0,0,0,1,2015,0,0
0,95,0,0,0,0,0,1,2818,0,0
0,126,0,0,0,0,0,0,1450,3,0
0,140,0,0,0,0,0,1,896,0,0
0,250,0,0,0,0,0,0,2003,3,0
1,101,0,0,0,0,0,0,2848,1,0
0,262,0,0,0,0,0,0,1714,3,0
0,303,0,0,0,0,0,0,150,3,0
0,312,0,0,0,0,0,1,3193,0,0
0,329,0,0,0,0,0,0,3227,3,0
0,130,0,0,0,0,0,1,4383,0,0
1,117,0,0,0,0,0,1,3546,2,0
0,266,0,0,0,0,0,0,4097,3,0
1,224,0,0,0,0,0,1,224,2,0
0,157,0,0,0,0,0,1,3764,0,0
1,380,0,0,0,0,0,1,3539,2,0
1,340,0,0,0,0,0,0,4095,1,0
1,82,0,0,0,0,0,1,4640,2,0
0,115,0,0,0,0,0,1,1625,0,0
1,269,0,0,0,0,0,1,2295,2,0
0,205,0,0,0,0,0,1,2627,0,0
1,200,0,0,0,0,0,0,789,1,0
0,331,0,0,0,0,0,1,1320,0,0
1,330,0,0,0,0,0,0,2828,1,0
0,91,0,0,0,0,0,0,137,3,0
0,322,0,0,0,0,0,1,3854,0,0
0,59,0,0,0,0,0,1,3416,0,0
0,257,0,0,0,0,0,1,1409,0,0
0,212,0,0,0,0,0,0,104,3,0
1,142,0,0,0,0,0,1,3980,2,0
0,191,0,0,0,0,0,1,3026,0,0
0,11,0,0,0,0,0,0,1559,3,0
1,134,0,0,0,0,0,0,77,1,0
0,296,0,0,0,0,0,1,2052,0,0
0,186,0,0,0,0,0,1,1696,0,0
1,219,0,0,0,0,0,0,2098,1,1
1,47,0,0,0,0,0,1,146,2,0
0,50,0,0,0,0,0,0,316,3,0
0,293,0,0,0,0,0,1,4019,0,0
0,379,0,0,0,0,0,1,2234,0,0
1,256,0,0,0,0,0,0,3373,1,0
0,167,0,0,0,0,0,0,4056,3,0
0,34,0,0,0,0,0,1,2789,0,0
1,397,0,0,0,0,0,1,1881,2,0
1,5,0,0,0,0,0,1,4871,2,0
0,76,0,0,0,0,0,1,3037,0,0
0,49,0,0,0,0,0,0,79,3,0
1,5,0,0,0,0,0,1,4431,2,0
1,125,0,0,0,0,0,1,2391,2,0
1,319,0,0,0,0,0,0,61,1,1
0,314,0,0,0,0,0,0,4874,3,0
1,211,0,0,0,0,0,0,1232,1,0
1,175,0,0,0,0,0,1,3770,2,0
0,280,0,0,0,0,0,0,2496,3,0
0,318,0,0,0,0,0,0,2680,3,0
0,182,0,0,0,0,0,0,2780,3,0
0,31,0,0,0,0,0,1,4536,0,0
1,287,0,0,0,0,0,0,3441,1,0
1,170,0,0,0,0,0,1,4428,2,0
0,79,0,0,0,0,0,0,787,3,0
0,82,0,0,0,0,0,1,2638,0,0
1,309,0,0,0,0,0,1,2854,2,0
0,272,0,0,0,0,0,0,2759,3,0
0,165,0,0,0,0,0,0,593,3,0
0,342,0,0,0,0,0,0,739,3,0
0,179,0,0,0,0,0,0,556,3,0
1,21,0,0,0,0,0,0,604,1,1
0,281,0,0,0,0,0,0,3330,3,0
0,70,0,0,0,0,0,1,3897,0,0
1,220,0,0,0,0,0,1,1224,2,0
0,99,0,0,0,0,0,1,4257,0,0
0,10,0,0,0,0,0,1,1051,0,0
1,272,0,0,0,0,0,1,4367,2,0
1,287,0,0,0,0,0,0,3662,1,0
0,7,0,0,0,0,0,0,2593,3,0
1,259,0,0,0,0,0,0,4984,1,0
1,256,0,0,0,0,0,1,1612,2,0
1,374,0,0,0,0,0,0,2043,1,0
1,89,0,0,0,0,0,1,2893,2,0
0,104,0,0,0,0,0,1,2148,0,0
1,176,0,0,0,0,0,0,1101,1,0
1,85,0,0,0,0,0,0,1157,1,0
1,288,0,0,0,0,0,0,4975,1,0
1,99,0,0,0,0,0,1,1594,2,0
1,389,0,0,0,0,0,1,2299,2,0
0,152,0,0,0,0,0,0,1561,3,0
0,39,0,0,0,0,0,1,1683,0,0
0,168,0,0,0,0,0,0,3269,3,0
1,283,0,0,0,0,0,0,3143,1,0
0,357,0,0,0,0,0,0,4715,3,0
1,41,0,0,0,0,0,1,3569,2,0
0,254,0,0,0,0,0,1,4948,0,0
1,31,0,0,0,0,0,0,3362,1,0
1,168,0,0,0,0,0,1,536,2,0
1,366,0,0,0,0,0,0,4420,1,0
0,3,0,0,0,0,0,1,1536,0,0
1,301,0,0,0,0,0,1,3747,2,0
0,300,0,0,0,0,0,0,1522,3,0
0,278,0,0,0,0,0,0,116,3,0
0,188,0,0,0,0,0,1,868,0,0
1,20,0,0,0,0,0,1,4749,2,0
1,164,0,0,0,0,0,1,4933,2,0
1,174,0,0,0,0,0,1,1881,2,0
0,238,0,0,0,0,0,0,2995,3,0
1,264,0,0,0,0,0,1,559,2,0
0,380,0,0,0,0,0,1,3058,0,0
1,266,0,0,0,0,0,0,4560,1,0
1,258,0,0,0,0,0,0,4878,1,0
0,201,0,0,0,0,0,1,1866,0,0
0,90,0,0,0,0,0,0,4698,3,0
1,213,0,0,0,0,0,1,2212,2,0
0,219,0,0,0,0,0,0,1385,3,0
1,159,0,0,0,0,0,1,4926,2,0
1,345,0,0,0,0,0,0,1271,1,0
0,111,0,0,0,0,0,1,3129,0,0
0,399,0,0,0,0,0,1,2752,0,0
0,376,0,0,0,0,0,1,375,0,0
0,145,0,0,0,0,0,1,1126,0,0
0,265,0,0,0,0,0,1,519,0,0
1,115,0,0,0,0,0,1,2582,2,0
1,65,0,0,0,0,0,1,2473,2,0
1,95,0,0,0,0,0,1,3825,2,0
1,363,0,0,0,0,0,0,344,1,0
0,374,0,0,0,0,0,0,2657,3,0
1,385,0,0,0,0,0,0,2878,1,0
0,322,0,0,0,0,0,1,425,0,0
0,56,0,0,0,0,0,0,1385,3,0
1,20,0,0,0,0,0,0,828,1,0
1,50,0,0,0,0,0,1,1797,2,0
1,370,0,0,0,0,0,1,3796,2,0
1,276,0,0,0,0,0,1,4192,2,0
0,209,0,0,0,0,0,1,235,0,0
1,366,0,0,0,0,0,0,1752,1,0
0,194,0,0,0,0,0,0,1419,3,0
0,34,0,0,0,0,0,1,953,0,0
1,142,0,0,0,0,0,1,4409,2,0
1,235,0,0,0,0,0,1,4441,2,0
0,15,0,0,0,0,0,0,480,3,0
1,239,0,0,0,0,0,1,400,2,0
1,69,0,0,0,0,0,1,1198,2,0
0,295,0,0,0,0,0,1,1185,0,0
1,362,0,0,0,0,0,0,3018,1,0
0,363,0,0,0,0,0,0,2542,3,0
0,53,0,0,0,0,0,0,1029,3,0
0,226,0,0,0,0,0,0,555,3,0
0,340,0,0,0,0,0,0,213,3,0
1,219,0,0,0,0,0,1,1361,2,0
0,398,0,0,0,0,0,1,3924,0,0
0,170,0,0,0,0,0,0,3016,3,0
1,90,0,0,0,0,0,1,4373,2,0
1,254,0,0,0,0,0,1,276,2,0
1,198,0,0,0,0,0,1,1407,2,0
1,96,0,0,0,0,0,1,947,2,0
0,72,0,0,0,0,0,0,2451,3,0
0,312,0,0,0,0,0,0,3638,3,0
0,286,0,0,0,0,0,1,907,0,0
0,38,0,0,0,0,0,1,4620,0,0
1,325,0,0,0,0,0,1,3843,2,0
1,339,0,0,0,0,0,0,613,1,0
0,376,0,0,0,0,0,1,3104,0,0
1,145,0,0,0,0,0,1,1864,2,0
0,45,0,0,0,0,0,0,1885,3,0
0,15,0,0,0,0,0,1,3433,0,0
0,4,0,0,0,0,0,1,3264,0,0
0,165,0,0,0,0,0,1,3228,0,0
0,360,0,0,0,0,0,1,3706,0,0
0,1,0,0,0,0,0,1,4758,0,0
1,347,0,0,0,0,0,0,320,1,0
1,311,0,0,0,0,0,1,3535,2,0
0,333,0,0,0,0,0,0,4407,3,0
1,142,0,0,0,0,0,1,671,2,0
1,14,0,0,0,0,0,1,22,2,0
0,325,0,0,0,0,0,1,3854,0,0
0,308,0,0,0,0,0,1,1369,0,0
0,17,0,0,0,0,0,0,4835,3,0
1,71,0,0,0,0,0,1,4995,2,0
0,380,0,0,0,0,0,1,4653,0,0
1,357,0,0,0,0,0,1,3194,2,0
0,0,0,0,0,0,0,1,2412,0,0
0,341,0,0,0,0,0,1,4400,0,0
0,239,0,0,0,0,0,1,2674,0,0
1,159,0,0,0,0,0,1,1463,2,0
0,169,0,0,0,0,0,1,2590,0,0
0,288,0,0,0,0,0,0,530,3,0
0,182,0,0,0,0,0,1,2436,0,0
1,36,0,0,0,0,0,1,4687,2,0
0,4,0,0,0,0,0,1,1016,0,0
0,393,0,0,0,0,0,0,2144,3,0
1,99,0,0,0,0,0,0,2658,1,0
1,124,0,0,0,0,0,0,2796,1,0
1,320,0,0,0,0,0,1,4734,2,0
1,369,0,0,0,0,0,1,3366,2,0
0,381,0,0,0,0,0,1,1766,0,0
1,158,0,0,0,0,0,1,4066,2,0
1,79,0,0,0,0,0,0,4595,1,0
1,311,0,0,0,0,0,1,3619,2,0
1,9,0,0,0,0,0,0,3659,1,0
1,94,0,0,0,0,0,1,1596,2,0
0,376,0,0,0,0,0,1,3915,0,0
1,31,0,0,0,0,0,0,817,1,0
0,139,0,0,0,0,0,0,1739,3,0
0,314,0,0,0,0,0,1,2390,0,0
1,202,0,0,0,0,0,1,3495,2,0
1,200,0,0,0,0,0,0,1749,1,0
1,350,0,0,0,0,0,0,2764,1,0
0,208,0,0,0,0,0,0,3290,3,0
1,178,0,0,0,0,0,1,4014,2,0
1,353,0,0,0,0,0,0,2312,1,0
1,275,0,0,0,0,0,0,623,1,0
1,167,0,0,0,0,0,1,1218,2,0
0,193,0,0,0,0,0,0,3530,3,0
1,46,0,0,0,0,0,0,3366,1,1
0,156,0,0,0,0,0,1,1277,0,0
1,99,0,0,0,0,0,0,1355,1,0
1,53,0,0,0,0,0,1,4388,2,0
0,126,0,0,0,0,0,0,473,3,0
1,182,0,0,0,0,0,0,3802,1,0
0,237,0,0,0,0,0,0,4761,3,0
1,295,0,0,0,0,0,0,4861,1,0
1,43,0,0,0,0,0,1,2468,2,0
1,308,0,0,0,0,0,1,3031,2,0
0,212,0,0,0,0,0,0,4877,3,0
0,341,0,0,0,0,0,0,71,3,0
1,20,0,0,0,0,0,1,168,2,0
1,176,0,0,0,0,0,1,3333,2,0
1,245,0,0,0,0,0,1,4322,2,0
0,170,0,0,0,0,0,1,4103,0,0
0,75,0,0,0,0,0,0,1920,3,0
0,273,0,0,0,0,0,1,3016,0,0
0,12,0,0,0,0,0,1,1672,0,0
1,363,0,0,0,0,0,1,433,2,0
1,182,0,0,0,0,0,0,1323,1,0
0,242,0,0,0,0,0,0,306,3,0
0,138,0,0,0,0,0,1,4596,0,0
0,113,0,0,0,0,0,0,4256,3,0
0,64,0,0,0,0,0,1,572,0,0
0,144,0,0,0,0,0,1,2390,0,0
1,289,0,0,0,0,0,1,2229,2,0
1,349,0,0,0,0,0,1,3399,2,0
1,314,0,0,0,0,0,1,1768,2,0
0,226,0,0,0,0,0,0,2094,3,0
0,350,0,0,0,0,0,0,1427,3,0
1,121,0,0,0,0,0,1,4569,2,0
1,252,0,0,0,0,0,1,1318,2,0
0,298,0,0,0,0,0,1,4252,0,0
0,318,0,0,0,0,0,0,4078,3,0
1,22,0,0,0,0,0,0,3414,1,0
1,30,0,0,0,0,0,0,4319,1,0
1,333,0,0,0,0,0,0,3593,1,0
0,35,0,0,0,0,0,0,4342,3,0
0,186,0,0,0,0,0,1,2716,0,0
1,202,0,0,0,0,0,1,934,2,0
1,28,0,0,0,0,0,1,2122,2,0
0,33,0,0,0,0,0,1,4534,0,0
0,77,0,0,0,0,0,1,2647,0,0
0,289,0,0,0,0,0,1,741,0,0
1,126,0,0,0,0,0,1,4900,2,0
0,383,0,0,0,0,0,0,2664,3,0
0,233,0,0,0,0,0,0,2850,3,0
0,135,0,0,0,0,0,0,1406,3,0
1,51,0,0,0,0,0,0,3685,1,0
1,10,0,0,0,0,0,0,2353,1,0
1,242,0,0,0,0,0,0,826,1,0
1,377,0,0,0,0,0,1,3173,2,0
0,395,0,0,0,0,0,0,3259,3,0
1,192,0,0,0,0,0,1,733,2,0
0,355,0,0,0,0,0,0,4352,3,0
1,259,0,0,0,0,0,0,1184,1,0
0,343,0,0,0,0,0,0,3243,3,0
0,352,0,0,0,0,0,0,3379,3,0
1,117,0,0,0,0,0,0,380,1,0
0,393,0,0,0,0,0,1,3149,0,0
1,389,0,0,0,0,0,1,4655,2,0
1,130,0,0,0,0,0,0,4471,1,0
0,366,0,0,0,0,0,0,564,3,0
1,45,0,0,0,0,0,0,1812,1,0
0,293,0,0,0,0,0,1,184,0,0
0,257,0,0,0,0,0,0,889,3,0
1,337,0,0,0,0,0,1,663,2,0
0,189,0,0,0,0,0,0,731,3,0
1,48,0,0,0,0,0,1,506,2,0
0,162,0,0,0,0,0,1,1419,0,0
1,244,0,0,0,0,0,1,4804,2,0
0,288,0,0,0,0,0,0,966,3,0
0,343,0,0,0,0,0,0,2553,3,0
1,219,0,0,0,0,0,1,4065,2,0
0,166,0,0,0,0,0,1,2362,0,0
0,260,0,0,0,0,0,1,4494,0,0
0,257,0,0,0,0,0,1,1587,0,0
1,152,0,0,0,0,0,0,318,1,0
0,73,0,0,0,0,0,1,102,0,0
0,347,0,0,0,0,0,1,1849,0,0
0,54,0,0,0,0,0,0,1456,3,0
0,116,0,0,0,0,0,0,3232,3,0
1,380,0,0,0,0,0,1,504,2,0
0,333,0,0,0,0,0,0,3110,3,0
0,150,0,0,0,0,0,0,1008,3,0
1,270,0,0,0,0,0,0,4046,1,0
0,316,0,0,0,0,0,0,2714,3,0
0,106,0,0,0,0,0,0,2561,3,0
1,19,0,0,0,0,0,1,1589,2,0
1,153,0,0,0,0,0,1,665,2,0
0,238,0,0,0,0,0,0,3971,3,0
0,86,0,0,0,0,0,1,1595,0,0
1,101,0,0,0,0,0,0,2070,1,0
0,353,0,0,0,0,0,1,3471,0,0
1,70,0,0,0,0,0,1,1087,2,0
0,346,0,0,0,0,0,0,3809,3,0
0,102,0,0,0,0,0,1,469,0,0
0,332,0,0,0,0,0,1,4101,0,0
0,309,0,0,0,0,0,1,1631,0,0
1,366,0,0,0,0,0,0,848,1,0
1,200,0,0,0,0,0,0,1417,1,0
0,3,0,0,0,0,0,0,3714,3,0
1,70,0,0,0,0,0,0,3743,1,0
0,137,0,0,0,0,0,1,2123,0,0
0,9,0,0,0,0,0,0,1140,3,0
1,287,0,0,0,0,0,0,4692,1,0
0,57,0,0,0,0,0,1,665,0,0
1,56,0,0,0,0,0,1,3676,2,0
1,289,0,0,0,0,0,0,4033,1,0
1,349,0,0,0,0,0,1,2924,2,0
0,276,0,0,0,0,0,1,1900,0,0
0,44,0,0,0,0,0,1,1146,0,0
1,196,0,0,0,0,0,0,2153,1,0
1,252,0,0,0,0,0,0,1460,1,0
0,266,0,0,0,0,0,1,2688,0,0
0,209,0,0,0,0,0,1,2162,0,0
1,240,0,0,0,0,0,0,3301,1,0
1,113,0,0,0,0,0,1,2838,2,0
1,181,0,0,0,0,0,1,2383,2,0
0,0,0,0,0,0,0,0,4095,3,0
0,158,0,0,0,0,0,1,2036,0,0
0,95,0,0,0,0,0,1,2322,0,0
0,368,0,0,0,0,0,1,1800,0,0
0,51,0,0,0,0,0,1,400,0,0
0,145,0,0,0,0,0,0,4003,3,0
0,76,0,0,0,0,0,1,1562,0,0
0,12,0,0,0,0,0,1,3114,0,0
1,9,0,0,0,0,0,0,3773,1,0
1,121,0,0,0,0,0,0,3776,1,0
0,280,0,0,0,0,0,1,2549,0,0
0,174,0,0,0,0,0,1,4997,0,0
0,312,0,0,0,0,0,0,4296,3,0
0,26,0,0,0,0,0,0,3164,3,0
1,100,0,0,0,0,0,1,4695,2,0
1,171,0,0,0,0,0,1,3280,2,0
1,269,0,0,0,0,0,1,3251,2,0
1,188,0,0,0,0,0,1,748,2,0
1,101,0,0,0,0,0,1,2638,2,0
1,149,0,0,0,0,0,0,1854,1,0
1,80,0,0,0,0,0,1,2762,2,0
1,346,0,0,0,0,0,1,4346,2,0
0,63,0,0,0,0,0,0,2892,3,0
0,292,0,0,0,0,0,1,940,0,0
1,106,0,0,0,0,0,1,3513,2,0
1,364,0,0,0,0,0,1,4742,2,0
1,245,0,0,0,0,0,1,4501,2,0
1,47,0,0,0,0,0,0,3491,1,0
0,211,0,0,0,0,0,0,4597,3,0
0,349,0,0,0,0,0,0,2845,3,0
0,247,0,0,0,0,0,0,3029,3,0
1,71,0,0,0,0,0,1,3256,2,0
0,164,0,0,0,0,0,1,3514,0,0
0,314,0,0,0,0,0,1,1953,0,0
1,95,0,0,0,0,0,0,3534,1,0
1,38,0,0,0,0,0,1,784,2,0
1,325,0,0,0,0,0,0,792,1,1
1,176,0,0,0,0,0,0,2641,1,0
1,101,0,0,0,0,0,0,4253,1,0
0,243,0,0,0,0,0,0,4490,3,0
0,146,0,0,0,0,0,0,1106,3,0
1,148,0,0,0,0,0,0,3327,1,0
1,302,0,0,0,0,0,0,3394,1,0
0,48,0,0,0,0,0,1,2611,0,0
0,20,0,0,0,0,0,0,2966,3,0
0,353,0,0,0,0,0,0,2456,3,0
1,254,0,0,0,0,0,1,3752,2,0
1,63,0,0,0,0,0,1,3689,2,0
1,257,0,0,0,0,0,1,1166,2,0
0,182,0,0,0,0,0,0,4277,3,0
0,61,0,0,0,0,0,0,2721,3,0
0,281,0,0,0,0,0,1,4490,0,0
1,86,0,0,0,0,0,0,2360,1,0
0,313,0,0,0,0,0,0,460,3,0
0,324,0,0,0,0,0,1,4210,0,0
1,211,0,0,0,0,0,1,4199,2,0
0,265,0,0,0,0,0,0,3268,3,0
1,168,0,0,0,0,0,0,2608,1,0
0,197,0,0,0,0,0,0,1752,3,0
1,297,0,0,0,0,0,0,2310,1,0
0,322,0,0,0,0,0,0,3186,3,0
1,201,0,0,0,0,0,1,3916,2,0
1,54,0,0,0,0,0,0,2359,1,0
0,33,0,0,0,0,0,0,110,3,0
1,397,0,0,0,0,0,0,3644,1,0
0,101,0,0,0,0,0,1,2102,0,0
1,78,0,0,0,0,0,0,4910,1,0
1,102,0,0,0,0,0,0,824,1,0
1,229,0,0,0,0,0,0,1452,1,0
0,235,0,0,0,0,0,0,1207,3,0
0,7,0,0,0,0,0,0,3397,3,0
0,249,0,0,0,0,0,0,1800,3,0
1,226,0,0,0,0,0,1,1809,2,0
0,351,0,0,0,0,0,1,2641,0,0
1,330,0,0,0,0,0,0,1845,1,0
1,368,0,0,0,0,0,0,3709,1,0
1,273,0,0,0,0,0,1,1834,2,0
1,124,0,0,0,0,0,1,4069,2,0
1,325,0,0,0,0,0,0,4241,1,0
1,374,0,0,0,0,0,1,3547,2,0
0,129,0,0,0,0,0,1,4138,0,0
0,332,0,0,0,0,0,1,2930,0,0
1,116,0,0,0,0,0,0,3990,1,0
0,351,0,0,0,0,0,1,367,0,0
0,231,0,0,0,0,0,1,555,0,0
0,122,0,0,0,0,0,0,4357,3,0
1,165,0,0,0,0,0,0,4361,1,0
1,196,0,0,0,0,0,1,2559,2,0
1,67,0,0,0,0,0,1,2337,2,0
0,376,0,0,0,0,0,0,864,3,0
1,305,0,0,0,0,0,0,4523,1,0
0,242,0,0,0,0,0,0,2051,3,0
1,121,0,0,0,0,0,1,504,2,0
0,3,0,0,0,0,0,1,4546,0,0
1,278,0,0,0,0,0,0,2567,1,0
0,354,0,0,0,0,0,0,3829,3,0
1,299,0,0,0,0,0,0,186,1,0
1,273,0,0,0,0,0,0,920,1,0
1,13,0,0,0,0,0,0,672,1,0
1,215,0,0,0,0,0,0,3332,1,0
1,28,0,0,0,0,0,0,774,1,0
0,395,0,0,0,0,0,1,200,0,0
0,49,0,0,0,0,0,0,1348,3,0
1,251,0,0,0,0,0,1,1947,2,0
0,210,0,0,0,0,0,0,396,3,0
0,191,0,0,0,0,0,1,1540,0,0
0,159,0,0,0,0,0,1,982,0,0
1,42,0,0,0,0,0,0,708,1,0
1,130,0,0,0,0,0,1,3216,2,0
1,72,0,0,0,0,0,1,2840,2,0
0,287,0,0,0,0,0,0,2244,3,0
1,3,0,0,0,0,0,0,3189,1,0
0,379,0,0,0,0,0,0,3022,3,0
0,358,0,0,0,0,0,1,4871,0,0
1,385,0,0,0,0,0,1,4607,2,0
0,243,0,0,0,0,0,1,506,0,0
0,206,0,0,0,0,0,0,986,3,0
0,127,0,0,0,0,0,1,1929,0,0
1,124,0,0,0,0,0,0,1192,1,0
1,76,0,0,0,0,0,1,217,2,0
0,153,0,0,0,0,0,0,4338,3,0
0,235,0,0,0,0,0,0,1541,3,0
1,308,0,0,0,0,0,1,3443,2,0
1,156,0,0,0,0,0,0,3834,1,0
1,367,0,0,0,0,0,1,3131,2,0
1,103,0,0,0,0,0,1,2,2,0
1,81,0,0,0,0,0,1,2480,2,0
0,234,0,0,0,0,0,1,4668,0,0
1,356,0,0,0,0,0,1,1804,2,0
1,373,0,0,0,0,0,0,1191,1,0
1,0,0,0,0,0,0,1,4614,2,0
1,148,0,0,0,0,0,1,3860,2,0
0,296,0,0,0,0,0,0,3809,3,0
1,283,0,0,0,0,0,1,4418,2,0
1,72,0,0,0,0,0,0,3344,1,0
0,285,0,0,0,0,0,1,1053,0,0
0,40,0,0,0,0,0,0,2818,3,0
0,317,0,0,0,0,0,0,2228,3,0
0,95,0,0,0,0,0,0,2784,3,0
0,100,0,0,0,0,0,1,3078,0,0
0,88,0,0,0,0,0,0,3740,3,0
0,17,0,0,0,0,0,0,2174,3,0
0,354,0,0,0,0,0,1,3673,0,0
0,122,0,0,0,0,0,1,3762,0,0
0,115,0,0,0,0,0,1,199,0,0
0,330,0,0,0,0,0,1,3974,0,0
1,79,0,0,0,0,0,1,2043,2,0
1,173,0,0,0,0,0,1,3211,2,0
1,207,0,0,0,0,0,0,1408,1,0
0,230,0,0,0,0,0,0,3834,3,0
1,302,0,0,0,0,0,0,2270,1,0
1,185,0,0,0,0,0,0,3421,1,0
0,258,0,0,0,0,0,1,3082,0,0
1,165,0,0,0,0,0,1,7,2,0
1,364,0,0,0,0,0,1,4665,2,0
0,192,0,0,0,0,0,0,4035,3,0
1,69,0,0,0,0,0,0,2832,1,0
0,252,0,0,0,0,0,1,250,0,0
0,375,0,0,0,0,0,0,2740,3,0
1,76,0,0,0,0,0,0,4844,1,0
0,143,0,0,0,0,0,1,652,0,0
1,23,0,0,0,0,0,0,2633,1,0
1,84,0,0,0,0,0,1,4931,2,0
0,351,0,0,0,0,0,1,4985,0,0
1,151,0,0,0,0,0,1,435,2,0
0,155,0,0,0,0,0,1,1646,0,0
0,135,0,0,0,0,0,1,4967,0,0
0,312,0,0,0,0,0,1,4913,0,0
0,204,0,0,0,0,0,1,4980,0,0
0,115,0,0,0,0,0,0,3975,3,0
1,333,0,0,0,0,0,0,4261,1,0
1,378,0,0,0,0,0,1,3808,2,0
1,95,0,0,0,0,0,1,2597,2,0
0,395,0,0,0,0,0,1,966,0,0
0,320,0,0,0,0,0,1,2841,0,0
1,124,0,0,0,0,0,1,2964,2,0
0,150,0,0,0,0,0,0,2691,3,0
1,288,0,0,0,0,0,0,3261,1,0
0,241,0,0,0,0,0,1,1000,0,0
1,253,0,0,0,0,0,0,2949,1,0
0,395,0,0,0,0,0,1,2242,0,0
1,285,0,0,0,0,0,1,76,2,0
0,240,0,0,0,0,0,1,2923,0,0
0,205,0,0,0,0,0,1,1495,0,0
0,120,0,0,0,0,0,0,384,3,0
0,41,0,0,0,0,0,0,4194,3,0
1,49,0,0,0,0,0,0,912,1,0
1,84,0,0,0,0,0,1,2564,2,0
0,115,0,0,0,0,0,0,788,3,0
0,257,0,0,0,0,0,1,633,0,0
1,215,0,0,0,0,0,1,3459,2,0
0,216,0,0,0,0,0,1,1723,0,0
1,207,0,0,0,0,0,1,3635,2,0
1,102,0,0,0,0,0,0,212,1,0
0,76,0,0,0,0,0,0,21,3,0
0,301,0,0,0,0,0,1,4845,0,0
1,145,0,0,0,0,0,0,3326,1,0
1,385,0,0,0,0,0,1,2194,2,0
0,339,0,0,0,0,0,1,195,0,0
1,251,0,0,0,0,0,0,333,1,0
1,338,0,0,0,0,0,1,4739,2,0
1,342,0,0,0,0,0,0,2719,1,0
1,8,0,0,0,0,0,0,831,1,0
1,275,0,0,0,0,0,0,1387,1,1
0,135,0,0,0,0,0,0,128,3,0
1,1,0,0,0,0,0,1,1461,2,0
1,33,0,0,0,0,0,0,3803,1,0
0,184,0,0,0,0,0,0,3872,3,0
1,158,0,0,0,0,0,0,2416,1,0
1,349,0,0,0,0,0,1,1128,2,0
1,216,0,0,0,0,0,1,2289,2,0
1,338,0,0,0,0,0,1,3212,2,0
1,186,0,0,0,0,0,1,1117,2,0
1,252,0,0,0,0,0,0,3259,1,0
0,94,0,0,0,0,0,1,3364,0,0
1,195,0,0,0,0,0,1,1923,2,0
0,106,0,0,0,0,0,1,1774,0,0
0,266,0,0,0,0,0,1,4271,0,0
0,205,0,0,0,0,0,0,3586,3,0
1,103,0,0,0,0,0,0,462,1,0
0,170,0,0,0,0,0,0,4342,3,0
0,275,0,0,0,0,0,0,529,3,0
1,296,0,0,0,0,0,1,3114,2,0
1,390,0,0,0,0,0,1,1864,2,0
1,262,0,0,0,0,0,0,844,1,0
0,174,0,0,0,0,0,1,3998,0,0
1,372,0,0,0,0,0,1,567,2,0
0,355,0,0,0,0,0,1,366,0,0
0,82,0,0,0,0,0,1,3662,0,0
0,167,0,0,0,0,0,1,2592,0,0
0,10,0,0,0,0,0,1,3338,0,0
0,203,0,0,0,0,0,0,4491,3,0
0,27,0,0,0,0,0,1,2034,0,0
1,6,0,0,0,0,0,0,2520,1,0
1,264,0,0,0,0,0,1,1992,2,0
0,389,0,0,0,0,0,0,2019,3,0
1,191,0,0,0,0,0,0,656,1,0
1,383,0,0,0,0,0,0,4712,1,1
0,57,0,0,0,0,0,0,964,3,0
1,14,0,0,0,0,0,1,1426,2,0
1,259,0,0,0,0,0,1,2965,2,0
1,167,0,0,0,0,0,1,653,2,0
0,59,0,0,0,0,0,1,2662,0,0
1,390,0,0,0,0,0,0,2773,1,0
0,56,0,0,0,0,0,1,1492,0,0
0,302,0,0,0,0,0,0,340,3,0
1,131,0,0,0,0,0,0,3788,1,0
0,163,0,0,0,0,0,0,3282,3,0
1,212,0,0,0,0,0,1,2429,2,0
0,139,0,0,0,0,0,0,1492,3,0
0,93,0,0,0,0,0,0,4559,3,0
1,224,0,0,0,0,0,0,2033,1,0
0,22,0,0,0,0,0,0,4024,3,0
0,187,0,0,0,0,0,0,1619,3,0
1,337,0,0,0,0,0,0,2308,1,0
0,267,0,0,0,0,0,1,3555,0,0
0,9,0,0,0,0,0,1,4321,0,0
0,383,0,0,0,0,0,0,4276,3,0
0,234,0,0,0,0,0,1,3101,0,0
0,76,0,0,0,0,0,0,2108,3,0
0,245,0,0,0,0,0,1,3151,0,0
1,99,0,0,0,0,0,1,4465,2,0
0,216,0,0,0,0,0,0,1362,3,0
0,276,0,0,0,0,0,0,3737,3,0
0,139,0,0,0,0,0,0,1988,3,0
0,144,0,0,0,0,0,1,1119,0,0
0,190,0,0,0,0,0,0,481,3,0
0,292,0,0,0,0,0,0,4044,3,0
1,374,0,0,0,0,0,1,4170,2,0
0,204,0,0,0,0,0,0,4921,3,0
0,384,0,0,0,0,0,0,332,3,0
0,81,0,0,0,0,0,1,3365,0,0
0,210,0,0,0,0,0,0,4862,3,0
1,375,0,0,0,0,0,1,752,2,0
0,253,0,0,0,0,0,1,3767,0,0
0,283,0,0,0,0,0,0,3403,3,0
0,329,0,0,0,0,0,0,1988,3,0
1,76,0,0,0,0,0,1,1658,2,0
1,106,0,0,0,0,0,1,4085,2,0
1,286,0,0,0,0,0,0,449,1,0
0,99,0,0,0,0,0,0,416,3,0
0,29,0,0,0,0,0,0,2351,3,0
1,270,0,0,0,0,0,0,494,1,0
1,323,0,0,0,0,0,1,2849,2,0
0,334,0,0,0,0,0,1,1417,0,0
1,288,0,0,0,0,0,1,2523,2,0
0,390,0,0,0,0,0,0,3420,3,0
0,325,0,0,0,0,0,1,1205,0,0
0,6,0,0,0,0,0,1,3815,0,0
1,193,0,0,0,0,0,0,4051,1,0
1,189,0,0,0,0,0,1,2415,2,0
0,78,0,0,0,0,0,0,4972,3,0
0,170,0,0,0,0,0,1,1003,0,0
0,78,0,0,0,0,0,0,4513,3,0
1,311,0,0,0,0,0,0,1673,1,0
0,242,0,0,0,0,0,1,3903,0,0
1,113,0,0,0,0,0,0,2846,1,0
1,380,0,0,0,0,0,0,1654,1,0
1,26,0,0,0,0,0,1,313,2,0
0,389,0,0,0,0,0,1,4141,0,0
0,333,0,0,0,0,0,0,859,3,0
1,211,0,0,0,0,0,1,2710,2,0
1,120,0,0,0,0,0,1,928,2,0
0,203,0,0,0,0,0,0,1933,3,0
0,234,0,0,0,0,0,0,2659,3,0
1,233,0,0,0,0,0,1,2691,2,0
0,307,0,0,0,0,0,0,1578,3,0
0,371,0,0,0,0,0,1,176,0,0
0,168,0,0,0,0,0,1,4179,0,0
1,20,0,0,0,0,0,0,4801,1,1
1,112,0,0,0,0,0,1,4062,2,0
1,135,0,0,0,0,0,0,968,1,0
0,166,0,0,0,0,0,1,3027,0,0
1,22,0,0,0,0,0,0,4843,1,0
0,8,0,0,0,0,0,1,444,0,0
1,255,0,0,0,0,0,1,2831,2,0
1,342,0,0,0,0,0,1,4513,2,0
0,313,0,0,0,0,0,1,4107,0,0
0,172,0,0,0,0,0,0,3377,3,0
0,161,0,0,0,0,0,0,3710,3,0
1,31,0,0,0,0,0,1,1055,2,0
0,38,0,0,0,0,0,0,3272,3,0
0,140,0,0,0,0,0,0,3562,3,0
0,253,0,0,0,0,0,0,585,3,0
0,266,0,0,0,0,0,0,4969,3,0
1,79,0,0,0,0,0,1,2103,2,0
0,240,0,0,0,0,0,0,903,3,0
0,208,0,0,0,0,0,0,2444,3,0
1,183,0,0,0,0,0,1,4099,2,0
0,54,0,0,0,0,0,0,3570,3,0
0,206,0,0,0,0,0,0,1437,3,0
1,148,0,0,0,0,0,1,3814,2,0
1,137,0,0,0,0,0,1,3129,2,0
0,118,0,0,0,0,0,0,2358,3,0
0,29,0,0,0,0,0,1,4084,0,0
0,329,0,0,0,0,0,1,2685,0,0
1,92,0,0,0,0,0,0,3871,1,0
1,398,0,0,0,0,0,0,526,1,0
1,91,0,0,0,0,0,0,2226,1,0
0,246,0,0,0,0,0,1,2354,0,0
0,266,0,0,0,0,0,0,3069,3,0
1,357,0,0,0,0,0,1,4810,2,0
1,171,0,0,0,0,0,0,2818,1,0
1,301,0,0,0,0,0,0,1654,1,0
0,275,0,0,0,0,0,0,3586,3,0
1,87,0,0,0,0,0,0,2670,1,0
1,53,0,0,0,0,0,0,2503,1,0
1,322,0,0,0,0,0,0,4613,1,0
1,284,0,0,0,0,0,0,2234,1,0
1,266,0,0,0,0,0,1,4339,2,0
1,44,0,0,0,0,0,1,2442,2,0
1,324,0,0,0,0,0,1,2857,2,0
0,87,0,0,0,0,0,0,2306,3,0
1,203,0,0,0,0,0,0,2106,1,0
0,87,0,0,0,0,0,1,4572,0,0
0,10,0,0,0,0,0,1,4332,0,0
1,92,0,0,0,0,0,1,1115,2,0
1,189,0,0,0,0,0,1,426,2,0
1,196,0,0,0,0,0,0,4803,1,0
1,260,0,0,0,0,0,1,4560,2,0
1,184,0,0,0,0,0,0,4507,1,0
0,224,0,0,0,0,0,1,2872,0,0
0,204,0,0,0,0,0,1,350,0,0
0,117,0,0,0,0,0,1,3142,0,0
0,337,0,0,0,0,0,1,2136,0,0
0,399,0,0,0,0,0,0,3118,3,0
0,69,0,0,0,0,0,0,4,3,0
1,288,0,0,0,0,0,0,1676,1,0
0,276,0,0,0,0,0,1,3634,0,0
0,238,0,0,0,0,0,1,2480,0,0
1,113,0,0,0,0,0,0,3753,1,0
0,58,0,0,0,0,0,1,4320,0,0
0,188,0,0,0,0,0,1,4360,0,0
0,162,0,0,0,0,0,0,2688,3,0
0,153,0,0,0,0,0,0,3919,3,0
1,69,0,0,0,0,0,1,2187,2,0
0,388,0,0,0,0,0,0,4931,3,0
1,267,0,0,0,0,0,0,3259,1,0
0,107,0,0,0,0,0,1,1030,0,0
0,178,0,0,0,0,0,0,1659,3,0
0,4,0,0,0,0,0,1,4563,0,0
1,262,0,0,0,0,0,1,4024,2,0
1,111,0,0,0,0,0,1,4002,2,0
0,281,0,0,0,0,0,1,1120,0,0
0,54,0,0,0,0,0,0,2925,3,0
1,251,0,0,0,0,0,1,3553,2,0
1,210,0,0,0,0,0,1,4396,2,0
1,210,0,0,0,0,0,1,3498,2,0
0,355,0,0,0,0,0,1,595,0,0
1,302,0,0,0,0,0,1,3315,2,0
1,154,0,0,0,0,0,0,927,1,0
0,77,0,0,0,0,0,1,3434,0,0
0,0,0,0,0,0,0,1,3601,0,0
0,102,0,0,0,0,0,1,702,0,0
0,223,0,0,0,0,0,0,4117,3,0
1,324,0,0,0,0,0,1,3384,2,0
1,200,0,0,0,0,0,0,1170,1,0
1,258,0,0,0,0,0,1,4015,2,0
1,270,0,0,0,0,0,0,202,1,0
0,393,0,0,0,0,0,1,543,0,0
1,165,0,0,0,0,0,1,1102,2,0
1,32,0,0,0,0,0,0,4463,1,0
1,61,0,0,0,0,0,1,918,2,0
0,117,0,0,0,0,0,1,3418,0,0
0,281,0,0,0,0,0,1,637,0,0
1,317,0,0,0,0,0,1,2435,2,0
1,170,0,0,0,0,0,0,1134,1,0
1,43,0,0,0,0,0,0,3275,1,0
1,243,0,0,0,0,0,0,2789,1,0
1,293,0,0,0,0,0,1,828,2,0
0,40,0,0,0,0,0,1,311,0,0
1,116,0,0,0,0,0,0,2913,1,0
1,323,0,0,0,0,0,0,3305,1,0
1,279,0,0,0,0,0,1,2768,2,0
1,47,0,0,0,0,0,0,4978,1,1
0,31,0,0,0,0,0,0,3372,3,0
1,278,0,0,0,0,0,1,776,2,0
1,67,0,0,0,0,0,0,1956,1,0
0,127,0,0,0,0,0,0,4534,3,0
0,366,0,0,0,0,0,1,49,0,0
1,312,0,0,0,0,0,1,4033,2,0
0,153,0,0,0,0,0,0,2155,3,0
1,74,0,0,0,0,0,1,2726,2,0
0,294,0,0,0,0,0,0,103,3,0
1,235,0,0,0,0,0,1,1662,2,0
1,233,0,0,0,0,0,1,3834,2,0
1,80,0,0,0,0,0,0,1463,1,0
1,350,0,0,0,0,0,1,3365,2,0
0,199,0,0,0,0,0,0,1811,3,0
0,393,0,0,0,0,0,1,2779,0,0
0,34,0,0,0,0,0,0,1319,3,0
1,104,0,0,0,0,0,0,459,1,0
1,292,0,0,0,0,0,0,543,1,0
0,126,0,0,0,0,0,0,3847,3,0
0,257,0,0,0,0,0,0,4684,3,0
0,184,0,0,0,0,0,1,4443,0,0
1,382,0,0,0,0,0,1,2532,2,0
0,289,0,0,0,0,0,1,4319,0,0
1,255,0,0,0,0,0,0,4186,1,0
1,392,0,0,0,0,0,0,1228,1,0
0,241,0,0,0,0,0,0,4612,3,0
1,134,0,0,0,0,0,0,1154,1,0
0,340,0,0,0,0,0,0,332,3,0
0,36,0,0,0,0,0,0,3463,3,0
0,89,0,0,0,0,0,0,2439,3,0
0,343,0,0,0,0,0,1,3770,0,0
0,106,0,0,0,0,0,0,315,3,0
0,101,0,0,0,0,0,0,195,3,0
0,60,0,0,0,0,0,0,142,3,0
0,204,0,0,0,0,0,1,2843,0,0
0,82,0,0,0,0,0,1,4581,0,0
0,63,0,0,0,0,0,1,4714,0,0
0,289,0,0,0,0,0,0,1199,3,0
0,348,0,0,0,0,0,1,128,0,0
0,201,0,0,0,0,0,0,867,3,0
0,82,0,0,0,0,0,0,3794,3,0
0,214,0,0,0,0,0,1,19,0,0
0,83,0,0,0,0,0,1,500,0,0
0,348,0,0,0,0,0,0,3292,3,0
1,53,0,0,0,0,0,0,3762,1,1
0,240,0,0,0,0,0,1,860,0,0
1,168,0,0,0,0,0,1,3024,2,0
1,273,0,0,0,0,0,1,3783,2,0
1,98,0,0,0,0,0,0,3167,1,0
0,167,0,0,0,0,0,0,4435,3,0
1,113,0,0,0,0,0,0,2181,1,0
0,165,0,0,0,0,0,1,2826,0,0
0,371,0,0,0,0,0,1,1775,0,0
0,296,0,0,0,0,0,1,4187,0,0
1,369,0,0,0,0,0,1,780,2,0
1,65,0,0,0,0,0,1,3448,2,0
0,126,0,0,0,0,0,0,3028,3,0
1,237,0,0,0,0,0,1,3252,2,0
0,218,0,0,0,0,0,1,1040,0,0
1,193,0,0,0,0,0,0,4508,1,0
1,109,0,0,0,0,0,0,1892,1,0
0,238,0,0,0,0,0,1,2345,0,0
0,242,0,0,0,0,0,1,3928,0,0
1,280,0,0,0,0,0,0,3572,1,0
0,143,0,0,0,0,0,0,2632,3,0
0,5,0,0,0,0,0,0,4787,3,0
1,62,0,0,0,0,0,1,4292,2,0
1,320,0,0,0,0,0,0,4989,1,0
1,251,0,0,0,0,0,1,1253,2,0
1,232,0,0,0,0,0,1,2801,2,0
0,39,0,0,0,0,0,0,2839,3,0
0,316,0,0,0,0,0,0,496,3,0
1,262,0,0,0,0,0,1,2199,2,0
0,356,0,0,0,0,0,1,4063,0,0
1,76,0,0,0,0,0,1,4444,2,0
0,76,0,0,0,0,0,0,2286,3,0
0,253,0,0,0,0,0,0,1043,3,0
0,321,0,0,0,0,0,1,1265,0,0
1,276,0,0,0,0,0,1,1526,2,0
0,385,0,0,0,0,0,1,3734,0,0
1,236,0,0,0,0,0,1,4938,2,0
0,374,0,0,0,0,0,0,2300,3,0
0,357,0,0,0,0,0,0,2689,3,0
0,51,0,0,0,0,0,0,1431,3,0
1,336,0,0,0,0,0,0,4440,1,0
1,90,0,0,0,0,0,0,1202,1,0
1,329,0,0,0,0,0,1,3575,2,0
0,245,0,0,0,0,0,1,3000,0,0
0,219,0,0,0,0,0,0,1291,3,0
1,145,0,0,0,0,0,1,2773,2,0
1,149,0,0,0,0,0,1,617,2,0
1,6,0,0,0,0,0,0,4227,1,0
1,321,0,0,0,0,0,1,605,2,0
1,57,0,0,0,0,0,1,2857,2,0
0,283,0,0,0,0,0,0,1281,3,0
1,115,0,0,0,0,0,1,511,2,0
0,374,0,0,0,0,0,0,5000,3,0
1,81,0,0,0,0,0,0,3104,1,0
1,294,0,0,0,0,0,0,1099,1,0
1,18,0,0,0,0,0,0,3939,1,0
1,269,0,0,0,0,0,1,130,2,0
1,336,0,0,0,0,0,1,795,2,0
1,190,0,0,0,0,0,1,139,2,0
0,59,0,0,0,0,0,1,1679,0,0
1,208,0,0,0,0,0,0,1620,1,0
1,156,0,0,0,0,0,0,130,1,1
1,84,0,0,0,0,0,1,2794,2,0
1,84,0,0,0,0,0,1,3282,2,0
0,96,0,0,0,0,0,0,2953,3,0
1,221,0,0,0,0,0,1,4549,2,0
0,2,0,0,0,0,0,0,4457,3,0
1,31,0,0,0,0,0,1,4373,2,0
0,107,0,0,0,0,0,1,3997,0,0
1,29,0,0,0,0,0,0,2202,1,0
1,33,0,0,0,0,0,0,1315,1,0
0,286,0,0,0,0,0,1,3953,0,0
1,57,0,0,0,0,0,1,504,2,0
1,90,0,0,0,0,0,1,1341,2,0
1,238,0,0,0,0,0,0,1,1,1
0,360,0,0,0,0,0,0,197,3,0
1,245,0,0,0,0,0,1,619,2,0
0,184,0,0,0,0,0,0,3433,3,0
0,119,0,0,0,0,0,0,3938,3,0
0,218,0,0,0,0,0,0,4730,3,0
1,102,0,0,0,0,0,0,675,1,1
1,93,0,0,0,0,0,1,3070,2,0
0,326,0,0,0,0,0,1,2038,0,0
1,141,0,0,0,0,0,1,4731,2,0
0,287,0,0,0,0,0,1,3368,0,0
0,13,0,0,0,0,0,1,1487,0,0
0,0,0,0,0,0,0,1,1631,0,0
1,301,0,0,0,0,0,0,4090,1,0
0,267,0,0,0,0,0,1,1328,0,0
0,347,0,0,0,0,0,1,1027,0,0
1,214,0,0,0,0,0,1,1109,2,0
1,374,0,0,0,0,0,1,1036,2,0
1,180,0,0,0,0,0,0,294,1,0
0,79,0,0,0,0,0,1,3090,0,0
1,162,0,0,0,0,0,1,1968,2,0
1,123,0,0,0,0,0,1,2804,2,0
0,86,0,0,0,0,0,0,1252,3,0
0,390,0,0,0,0,0,1,3360,0,0
0,256,0,0,0,0,0,1,1300,0,0
1,174,0,0,0,0,0,1,164,2,0
0,263,0,0,0,0,0,0,3789,3,0
1,70,0,0,0,0,0,0,2446,1,0
1,129,0,0,0,0,0,1,4204,2,0
0,233,0,0,0,0,0,1,4509,0,0
1,99,0,0,0,0,0,0,3393,1,0
0,203,0,0,0,0,0,0,392,3,0
1,233,0,0,0,0,0,0,4500,1,0
0,7,0,0,0,0,0,1,1850,0,0
0,81,0,0,0,0,0,1,690,0,0
0,32,0,0,0,0,0,1,2253,0,0
0,39,0,0,0,0,0,0,2436,3,0
0,21,0,0,0,0,0,0,4632,3,0
0,314,0,0,0,0,0,1,3751,0,0
1,358,0,0,0,0,0,1,3670,2,0
1,91,0,0,0,0,0,1,3032,2,0
1,177,0,0,0,0,0,0,324,1,0
1,240,0,0,0,0,0,0,2252,1,0
0,298,0,0,0,0,0,1,2088,0,0
1,324,0,0,0,0,0,0,3987,1,0
1,74,0,0,0,0,0,0,4731,1,0
1,238,0,0,0,0,0,1,4422,2,0
0,343,0,0,0,0,0,0,184,3,0
0,399,0,0,0,0,0,1,946,0,0
1,378,0,0,0,0,0,1,279,2,0
0,184,0,0,0,0,0,0,3906,3,0
0,169,0,0,0,0,0,1,4725,0,0
0,69,0,0,0,0,0,0,3712,3,0
0,315,0,0,0,0,0,0,4608,3,0
0,218,0,0,0,0,0,1,1570,0,0
0,111,0,0,0,0,0,0,1455,3,0
1,383,0,0,0,0,0,0,3105,1,0
0,299,0,0,0,0,0,0,4510,3,0
0,342,0,0,0,0,0,1,524,0,0
1,131,0,0,0,0,0,1,1830,2,0
0,213,0,0,0,0,0,0,1835,3,0
1,353,0,0,0,0,0,0,368,1,0
0,369,0,0,0,0,0,0,854,3,0
1,123,0,0,0,0,0,1,2546,2,0
0,9,0,0,0,0,0,1,4101,0,0
1,328,0,0,0,0,0,1,569,2,0
1,204,0,0,0,0,0,0,3419,1,0
1,356,0,0,0,0,0,0,1661,1,0
0,249,0,0,0,0,0,1,1332,0,0
1,243,0,0,0,0,0,1,3306,2,0
0,354,0,0,0,0,0,1,38,0,0
0,60,0,0,0,0,0,1,2624,0,0
0,6,0,0,0,0,0,0,1852,3,0
0,218,0,0,0,0,0,1,4259,0,0
1,289,0,0,0,0,0,0,4635,1,0
0,321,0,0,0,0,0,0,4470,3,0
0,78,0,0,0,0,0,0,4774,3,0
1,276,0,0,0,0,0,0,2193,1,0
0,79,0,0,0,0,0,0,4667,3,0
1,259,0,0,0,0,0,1,3141,2,0
0,166,0,0,0,0,0,1,4880,0,0
1,376,0,0,0,0,0,1,3065,2,0
0,172,0,0,0,0,0,0,547,3,0
0,225,0,0,0,0,0,0,1872,3,0
0,277,0,0,0,0,0,0,1168,3,0
0,181,0,0,0,0,0,0,1105,3,0
0,74,0,0,0,0,0,1,4383,0,0
0,255,0,0,0,0,0,1,4616,0,0
0,170,0,0,0,0,0,1,2400,0,0
0,206,0,0,0,0,0,0,2516,3,0
0,9,0,0,0,0,0,1,4310,0,0
1,16,0,0,0,0,0,1,2451,2,0
1,186,0,0,0,0,0,1,3100,2,0
0,104,0,0,0,0,0,0,4500,3,0
0,87,0,0,0,0,0,0,3151,3,0
1,15,0,0,0,0,0,1,1361,2,0
0,109,0,0,0,0,0,1,709,0,0
1,295,0,0,0,0,0,0,4813,1,0
0,107,0,0,0,0,0,1,4979,0,0
0,152,0,0,0,0,0,1,3210,0,0
1,31,0,0,0,0,0,0,4784,1,0
1,94,0,0,0,0,0,0,4139,1,0
1,385,0,0,0,0,0,0,3236,1,0
1,11,0,0,0,0,0,1,129,2,0
1,387,0,0,0,0,0,1,3671,2,0
0,333,0,0,0,0,0,0,1202,3,0
1,331,0,0,0,0,0,1,766,2,0
1,156,0,0,0,0,0,1,4895,2,0
1,6,0,0,0,0,0,0,2940,1,0
1,74,0,0,0,0,0,0,624,1,0
0,312,0,0,0,0,0,1,148,0,0
1,242,0,0,0,0,0,0,2515,1,0
0,374,0,0,0,0,0,0,3629,3,0
0,179,0,0,0,0,0,1,2537,0,0
1,237,0,0,0,0,0,0,459,1,0
0,274,0,0,0,0,0,1,3721,0,0
1,293,0,0,0,0,0,0,2016,1,0
0,107,0,0,0,0,0,0,1413,3,0
1,342,0,0,0,0,0,0,3025,1,0
1,365,0,0,0,0,0,0,4334,1,0
1,15,0,0,0,0,0,1,2374,2,0
0,67,0,0,0,0,0,0,1899,3,0
0,367,0,0,0,0,0,0,4752,3,0
0,236,0,0,0,0,0,1,1210,0,0
1,369,0,0,0,0,0,1,2320,2,0
1,10,0,0,0,0,0,0,1776,1,0
0,197,0,0,0,0,0,0,2782,3,0
0,71,0,0,0,0,0,0,4940,3,0
0,87,0,0,0,0,0,0,3524,3,0
1,337,0,0,0,0,0,0,1988,1,0
1,314,0,0,0,0,0,1,4595,2,0
1,151,0,0,0,0,0,0,43,1,0
0,101,0,0,0,0,0,1,2950,0,0
0,139,0,0,0,0,0,0,256,3,0
1,99,0,0,0,0,0,1,227,2,0
1,107,0,0,0,0,0,1,3457,2,0
0,147,0,0,0,0,0,0,2005,3,0
1,147,0,0,0,0,0,0,87,1,0
0,239,0,0,0,0,0,1,3376,0,0
0,333,0,0,0,0,0,0,2634,3,0
0,214,0,0,0,0,0,1,3083,0,0
1,38,0,0,0,0,0,1,3408,2,0
1,342,0,0,0,0,0,1,3514,2,0
1,171,0,0,0,0,0,1,4169,2,0
1,319,0,0,0,0,0,1,4373,2,0
1,164,0,0,0,0,0,0,339,1,0
0,347,0,0,0,0,0,1,1539,0,0
1,8,0,0,0,0,0,1,3370,2,0
0,204,0,0,0,0,0,1,4138,0,0
0,132,0,0,0,0,0,1,1431,0,0
1,182,0,0,0,0,0,0,2618,1,0
1,290,0,0,0,0,0,1,3816,2,0
0,399,0,0,0,0,0,1,201,0,0
0,165,0,0,0,0,0,0,1613,3,0
1,393,0,0,0,0,0,1,705,2,0
0,358,0,0,0,0,0,0,976,3,0
1,350,0,0,0,0,0,0,4994,1,0
1,281,0,0,0,0,0,0,4061,1,0
1,173,0,0,0,0,0,0,2867,1,0
1,123,0,0,0,0,0,1,2838,2,0
1,143,0,0,0,0,0,1,2374,2,0
0,128,0,0,0,0,0,1,2485,0,0
0,355,0,0,0,0,0,1,1262,0,0
0,293,0,0,0,0,0,0,1837,3,0
1,281,0,0,0,0,0,1,4464,2,0
0,353,0,0,0,0,0,1,1418,0,0
0,307,0,0,0,0,0,1,3910,0,0
0,322,0,0,0,0,0,0,1086,3,0
0,369,0,0,0,0,0,1,2047,0,0
1,162,0,0,0,0,0,0,3697,1,0
0,256,0,0,0,0,0,1,3102,0,0
0,284,0,0,0,0,0,0,245,3,0
0,339,0,0,0,0,0,1,1494,0,0
0,201,0,0,0,0,0,1,4671,0,0
1,164,0,0,0,0,0,0,2202,1,1
1,378,0,0,0,0,0,0,4688,1,0
0,174,0,0,0,0,0,0,3124,3,0
0,287,0,0,0,0,0,1,4887,0,0
0,7,0,0,0,0,0,1,484,0,0
0,132,0,0,0,0,0,0,1518,3,0
1,185,0,0,0,0,0,1,3896,2,0
0,42,0,0,0,0,0,1,3581,0,0
0,68,0,0,0,0,0,0,1590,3,0
0,95,0,0,0,0,0,0,1016,3,0
1,370,0,0,0,0,0,0,2285,1,0
0,50,0,0,0,0,0,0,2193,3,0
0,224,0,0,0,0,0,0,1706,3,0
0,214,0,0,0,0,0,1,2246,0,0
1,27,0,0,0,0,0,1,2207,2,0
1,106,0,0,0,0,0,1,523,2,0
1,21,0,0,0,0,0,1,4552,2,0
0,285,0,0,0,0,0,1,3290,0,0
1,53,0,0,0,0,0,0,3612,1,0
0,303,0,0,0,0,0,0,1060,3,0
0,45,0,0,0,0,0,0,3957,3,0
1,393,0,0,0,0,0,1,3691,2,0
1,362,0,0,0,0,0,0,1320,1,0
1,157,0,0,0,0,0,1,2658,2,0
1,103,0,0,0,0,0,0,3714,1,0
1,276,0,0,0,0,0,1,1402,2,0
1,379,0,0,0,0,0,1,2284,2,0
1,23,0,0,0,0,0,0,849,1,0
0,121,0,0,0,0,0,0,3690,3,0
1,166,0,0,0,0,0,0,323,1,0
1,272,0,0,0,0,0,0,2172,1,0
0,367,0,0,0,0,0,1,1616,0,0
0,191,0,0,0,0,0,1,269,0,0
0,4,0,0,0,0,0,1,2185,0,0
0,398,0,0,0,0,0,1,2326,0,0
1,132,0,0,0,0,0,1,2604,2,0
1,220,0,0,0,0,0,0,3784,1,0
0,139,0,0,0,0,0,1,4612,0,0
1,287,0,0,0,0,0,1,3716,2,0
0,67,0,0,0,0,0,0,469,3,0
0,122,0,0,0,0,0,0,1529,3,0
1,181,0,0,0,0,0,1,636,2,0
1,204,0,0,0,0,0,1,4142,2,0
0,336,0,0,0,0,0,0,4932,3,0
0,105,0,0,0,0,0,1,1572,0,0
0,186,0,0,0,0,0,1,4844,0,0
0,14,0,0,0,0,0,0,659,3,0
0,383,0,0,0,0,0,0,1150,3,0
0,149,0,0,0,0,0,0,4133,3,0
1,179,0,0,0,0,0,0,3866,1,0
0,82,0,0,0,0,0,0,377,3,0
1,178,0,0,0,0,0,1,3375,2,0
1,24,0,0,0,0,0,0,4871,1,1
1,219,0,0,0,0,0,1,73,2,0
1,302,0,0,0,0,0,0,2812,1,0
1,73,0,0,0,0,0,1,1695,2,0
0,314,0,0,0,0,0,0,2702,3,0
0,172,0,0,0,0,0,0,2635,3,0
1,69,0,0,0,0,0,0,2945,1,0
1,24,0,0,0,0,0,0,3987,1,0
1,189,0,0,0,0,0,1,1298,2,0
0,179,0,0,0,0,0,0,3900,3,0
1,364,0,0,0,0,0,0,4644,1,0
0,80,0,0,0,0,0,0,135,3,0
1,274,0,0,0,0,0,1,2178,2,0
0,118,0,0,0,0,0,1,2001,0,0
0,154,0,0,0,0,0,0,4827,3,0
0,260,0,0,0,0,0,0,4388,3,0
0,266,0,0,0,0,0,0,4373,3,0
1,157,0,0,0,0,0,0,2445,1,0
0,85,0,0,0,0,0,1,491,0,0
1,380,0,0,0,0,0,1,3814,2,0
1,89,0,0,0,0,0,1,4456,2,0
0,293,0,0,0,0,0,0,544,3,0
0,201,0,0,0,0,0,0,358,3,0
0,49,0,0,0,0,0,1,3528,0,0
1,325,0,0,0,0,0,0,3814,1,0
0,221,0,0,0,0,0,0,33,3,0
1,76,0,0,0,0,0,0,2088,1,0
1,369,0,0,0,0,0,1,261,2,0
1,136,0,0,0,0,0,1,3061,2,0
0,43,0,0,0,0,0,0,2392,3,0
0,0,0,0,0,0,0,0,0,3,0
1,206,0,0,0,0,0,0,1558,1,1
0,201,0,0,0,0,0,0,1844,3,0
1,62,0,0,0,0,0,1,4054,2,0
1,121,0,0,0,0,0,1,2315,2,0
0,4,0,0,0,0,0,0,4745,3,0
0,130,0,0,0,0,0,0,3882,3,0
1,82,0,0,0,0,0,1,969,2,0
0,21,0,0,0,0,0,1,1367,0,0
1,179,0,0,0,0,0,1,3288,2,0
0,346,0,0,0,0,0,1,2572,0,0
1,94,0,0,0,0,0,0,1640,1,0
1,9,0,0,0,0,0,0,2934,1,0
0,364,0,0,0,0,0,1,319,0,0
0,56,0,0,0,0,0,0,4760,3,0
1,303,0,0,0,0,0,1,2775,2,0
0,58,0,0,0,0,0,1,4459,0,0
1,63,0,0,0,0,0,0,3327,1,0
1,145,0,0,0,0,0,0,2363,1,0
1,230,0,0,0,0,0,1,3156,2,0
0,313,0,0,0,0,0,1,329,0,0
0,135,0,0,0,0,0,1,3099,0,0
1,186,0,0,0,0,0,1,664,2,0
0,231,0,0,0,0,0,1,1525,0,0
0,387,0,0,0,0,0,0,4577,3,0
1,33,0,0,0,0,0,0,553,1,0
0,222,0,0,0,0,0,0,4929,3,0
0,201,0,0,0,0,0,0,3005,3,0
0,44,0,0,0,0,0,1,641,0,0
1,295,0,0,0,0,0,1,1292,2,0
0,29,0,0,0,0,0,0,7,3,0
0,61,0,0,0,0,0,0,568,3,0
1,338,0,0,0,0,0,1,2123,2,0
1,397,0,0,0,0,0,1,1178,2,0
1,307,0,0,0,0,0,1,1263,2,0
1,261,0,0,0,0,0,1,2094,2,0
0,262,0,0,0,0,0,0,1573,3,0
0,203,0,0,0,0,0,1,3236,0,0
1,206,0,0,0,0,0,0,1907,1,0
0,64,0,0,0,0,0,1,2717,0,0
0,295,0,0,0,0,0,1,2059,0,0
1,346,0,0,0,0,0,0,3117,1,0
1,46,0,0,0,0,0,1,2800,2,0
0,320,0,0,0,0,0,1,1651,0,0
0,266,0,0,0,0,0,1,1859,0,0
1,183,0,0,0,0,0,1,2868,2,0
0,290,0,0,0,0,0,0,3012,3,0
1,156,0,0,0,0,0,1,4439,2,0
0,176,0,0,0,0,0,1,2801,0,0
0,242,0,0,0,0,0,0,2821,3,0
1,221,0,0,0,0,0,0,781,1,0
1,139,0,0,0,0,0,1,4689,2,0
0,147,0,0,0,0,0,1,2274,0,0
0,129,0,0,0,0,0,0,1535,3,0
1,21,0,0,0,0,0,1,2525,2,0
0,187,0,0,0,0,0,1,1281,0,0
0,40,0,0,0,0,0,0,4821,3,0
1,27,0,0,0,0,0,0,4645,1,0
0,99,0,0,0,0,0,0,2638,3,0
1,359,0,0,0,0,0,1,1559,2,0
1,224,0,0,0,0,0,1,4081,2,0
0,25,0,0,0,0,0,0,995,3,0
0,200,0,0,0,0,0,1,247,0,0
1,177,0,0,0,0,0,0,4884,1,0
0,192,0,0,0,0,0,1,222,0,0
0,154,0,0,0,0,0,1,1221,0,0
1,127,0,0,0,0,0,1,1343,2,0
0,346,0,0,0,0,0,0,1916,3,0
0,116,0,0,0,0,0,0,232,3,0
1,385,0,0,0,0,0,1,1022,2,0
0,198,0,0,0,0,0,1,347,0,0
0,184,0,0,0,0,0,1,2959,0,0
1,69,0,0,0,0,0,1,1821,2,0
1,37,0,0,0,0,0,1,2553,2,0
0,314,0,0,0,0,0,0,417,3,0
0,139,0,0,0,0,0,1,484,0,0
0,378,0,0,0,0,0,1,3407,0,0
1,260,0,0,0,0,0,0,3179,1,0
0,150,0,0,0,0,0,0,4859,3,0
1,177,0,0,0,0,0,1,4774,2,0
0,363,0,0,0,0,0,0,1421,3,0
0,213,0,0,0,0,0,0,2660,3,0
0,256,0,0,0,0,0,0,1049,3,0
1,216,0,0,0,0,0,0,1358,1,0
1,137,0,0,0,0,0,0,602,1,0
0,269,0,0,0,0,0,0,787,3,0
0,314,0,0,0,0,0,0,251,3,0
0,57,0,0,0,0,0,1,1524,0,0
1,57,0,0,0,0,0,1,1512,2,0
0,392,0,0,0,0,0,1,2136,0,0
0,20,0,0,0,0,0,1,2515,0,0
1,261,0,0,0,0,0,1,719,2,0
0,186,0,0,0,0,0,1,1349,0,0
0,134,0,0,0,0,0,1,4223,0,0
0,87,0,0,0,0,0,1,4356,0,0
0,209,0,0,0,0,0,1,774,0,0
1,44,0,0,0,0,0,1,1934,2,0
1,103,0,0,0,0,0,0,2999,1,0
0,182,0,0,0,0,0,1,1559,0,0
1,386,0,0,0,0,0,0,1797,1,0
0,33,0,0,0,0,0,0,4334,3,0
1,272,0,0,0,0,0,1,4990,2,0
1,387,0,0,0,0,0,0,2246,1,0
1,276,0,0,0,0,0,1,106,2,0
0,395,0,0,0,0,0,1,139,0,0
1,216,0,0,0,0,0,0,4383,1,0
0,149,0,0,0,0,0,0,2453,3,0
1,286,0,0,0,0,0,0,3586,1,0
1,329,0,0,0,0,0,1,2928,2,0
0,230,0,0,0,0,0,1,3989,0,0
1,113,0,0,0,0,0,0,973,1,0
1,277,0,0,0,0,0,1,55,2,0
1,390,0,0,0,0,0,0,2125,1,0
0,189,0,0,0,0,0,0,303,3,0
1,177,0,0,0,0,0,1,41,2,0
1,303,0,0,0,0,0,1,725,2,0
0,240,0,0,0,0,0,1,1234,0,0
1,130,0,0,0,0,0,0,25,1,0
1,166,0,0,0,0,0,0,205,1,0
1,113,0,0,0,0,0,1,3921,2,0
0,365,0,0,0,0,0,0,2805,3,0
0,210,0,0,0,0,0,0,701,3,0
0,375,0,0,0,0,0,1,1473,0,0
0,150,0,0,0,0,0,0,4162,3,0
0,368,0,0,0,0,0,0,3968,3,0
1,58,0,0,0,0,0,0,3073,1,0
0,301,0,0,0,0,0,1,4856,0,0
1,253,0,0,0,0,0,0,1048,1,0
0,79,0,0,0,0,0,1,3044,0,0
0,111,0,0,0,0,0,0,1037,3,0
1,161,0,0,0,0,0,1,1937,2,0
1,235,0,0,0,0,0,1,2916,2,0
0,51,0,0,0,0,0,1,1868,0,0
1,89,0,0,0,0,0,0,2371,1,1
0,244,0,0,0,0,0,1,1720,0,0
0,263,0,0,0,0,0,1,3959,0,0
1,276,0,0,0,0,0,0,2167,1,0
1,355,0,0,0,0,0,1,700,2,0
1,91,0,0,0,0,0,0,3423,1,0
1,397,0,0,0,0,0,0,1824,1,0
0,177,0,0,0,0,0,0,4853,3,0
0,149,0,0,0,0,0,1,2324,0,0
0,290,0,0,0,0,0,0,2455,3,0
1,312,0,0,0,0,0,0,1597,1,0
0,396,0,0,0,0,0,1,454,0,0
1,132,0,0,0,0,0,1,368,2,0
0,129,0,0,0,0,0,0,3814,3,0
1,300,0,0,0,0,0,1,1496,2,0
1,227,0,0,0,0,0,0,4081,1,0
1,301,0,0,0,0,0,0,2161,1,0
1,359,0,0,0,0,0,0,1204,1,0
0,355,0,0,0,0,0,1,1343,0,0
0,6,0,0,0,0,0,1,4491,0,0
0,210,0,0,0,0,0,0,3779,3,0
1,10,0,0,0,0,0,0,77,1,0
0,18,0,0,0,0,0,0,106,3,0
1,216,0,0,0,0,0,1,1179,2,0
0,45,0,0,0,0,0,0,213,3,0
0,311,0,0,0,0,0,1,741,0,0
1,20,0,0,0,0,0,0,677,1,0
1,16,0,0,0,0,0,1,1340,2,0
1,267,0,0,0,0,0,0,2701,1,0
1,142,0,0,0,0,0,1,838,2,0
1,110,0,0,0,0,0,0,756,1,0
0,23,0,0,0,0,0,1,3677,0,0
1,126,0,0,0,0,0,0,3010,1,1
1,384,0,0,0,0,0,0,2728,1,0
0,95,0,0,0,0,0,1,1154,0,0
0,314,0,0,0,0,0,0,2928,3,0
0,215,0,0,0,0,0,1,59,0,0
0,378,0,0,0,0,0,1,867,0,0
0,311,0,0,0,0,0,1,3762,0,0
1,172,0,0,0,0,0,1,811,2,0
0,38,0,0,0,0,0,0,674,3,0
1,277,0,0,0,0,0,1,4317,2,0
1,319,0,0,0,0,0,1,4183,2,0
0,352,0,0,0,0,0,1,1900,0,0
1,345,0,0,0,0,0,0,967,1,0
0,147,0,0,0,0,0,1,81,0,0
0,58,0,0,0,0,0,0,4602,3,0
0,230,0,0,0,0,0,0,2287,3,0
0,202,0,0,0,0,0,1,4745,0,0
0,110,0,0,0,0,0,0,2071,3,0
1,99,0,0,0,0,0,0,3768,1,0
0,325,0,0,0,0,0,1,2632,0,0
1,24,0,0,0,0,0,0,3762,1,0
0,153,0,0,0,0,0,0,4239,3,0
0,284,0,0,0,0,0,0,2281,3,0
0,351,0,0,0,0,0,0,4763,3,0
1,12,0,0,0,0,0,0,3515,1,0
0,393,0,0,0,0,0,0,375,3,0
1,56,0,0,0,0,0,0,2351,1,0
0,278,0,0,0,0,0,0,1114,3,0
1,142,0,0,0,0,0,0,2928,1,1
1,41,0,0,0,0,0,1,1042,2,0
0,324,0,0,0,0,0,0,2054,3,0
0,171,0,0,0,0,0,1,2834,0,0
1,56,0,0,0,0,0,1,2318,2,0
1,196,0,0,0,0,0,1,2501,2,0
0,200,0,0,0,0,0,1,1152,0,0
0,299,0,0,0,0,0,0,156,3,0
1,204,0,0,0,0,0,1,3272,2,0
1,359,0,0,0,0,0,1,1175,2,0
0,397,0,0,0,0,0,1,1755,0,0
0,285,0,0,0,0,0,1,4403,0,0
0,266,0,0,0,0,0,0,2403,3,0
0,146,0,0,0,0,0,1,357,0,0
0,372,0,0,0,0,0,1,552,0,0
0,100,0,0,0,0,0,1,4207,0,0
1,356,0,0,0,0,0,1,1036,2,0
1,66,0,0,0,0,0,1,1497,2,0
0,329,0,0,0,0,0,0,3628,3,0
0,161,0,0,0,0,0,1,2303,0,0
0,112,0,0,0,0,0,0,115,3,0
1,205,0,0,0,0,0,1,477,2,0
0,254,0,0,0,0,0,1,1706,0,0
0,206,0,0,0,0,0,1,2302,0,0
1,295,0,0,0,0,0,1,4802,2,0
1,49,0,0,0,0,0,0,604,1,0
1,376,0,0,0,0,0,1,2762,2,0
1,174,0,0,0,0,0,1,2443,2,0
1,255,0,0,0,0,0,1,2188,2,0
0,59,0,0,0,0,0,0,1697,3,0
1,168,0,0,0,0,0,0,4171,1,0
0,194,0,0,0,0,0,1,4376,0,0
0,389,0,0,0,0,0,1,3686,0,0
1,252,0,0,0,0,0,1,3326,2,0
0,14,0,0,0,0,0,0,2454,3,0
0,150,0,0,0,0,0,0,3304,3,0
0,170,0,0,0,0,0,1,1713,0,0
1,198,0,0,0,0,0,1,2445,2,0
0,217,0,0,0,0,0,0,2609,3,0
0,61,0,0,0,0,0,0,408,3,0
0,260,0,0,0,0,0,0,1338,3,0
0,371,0,0,0,0,0,0,1414,3,0
0,23,0,0,0,0,0,0,3016,3,0
1,242,0,0,0,0,0,0,3989,1,0
0,87,0,0,0,0,0,1,2627,0,0
0,58,0,0,0,0,0,1,2353,0,0
0,227,0,0,0,0,0,1,2853,0,0
0,306,0,0,0,0,0,0,4964,3,0
0,82,0,0,0,0,0,1,1923,0,0
0,367,0,0,0,0,0,1,4909,0,0
1,315,0,0,0,0,0,0,1358,1,0
1,274,0,0,0,0,0,1,1584,2,0
1,238,0,0,0,0,0,1,3100,2,0
0,294,0,0,0,0,0,1,4072,0,0
1,232,0,0,0,0,0,1,3345,2,0
1,75,0,0,0,0,0,0,1484,1,0
1,66,0,0,0,0,0,1,945,2,0
1,331,0,0,0,0,0,0,3373,1,0
0,59,0,0,0,0,0,0,236,3,0
1,184,0,0,0,0,0,1,4915,2,0
0,212,0,0,0,0,0,1,1412,0,0
0,146,0,0,0,0,0,0,435,3,0
0,292,0,0,0,0,0,0,215,3,0
1,93,0,0,0,0,0,1,366,2,0
0,173,0,0,0,0,0,0,3872,3,0
0,69,0,0,0,0,0,0,3512,3,0
0,268,0,0,0,0,0,1,4471,0,0
1,218,0,0,0,0,0,1,4469,2,0
1,1,0,0,0,0,0,1,2473,2,0
1,131,0,0,0,0,0,1,4175,2,0
0,347,0,0,0,0,0,1,4471,0,0
1,86,0,0,0,0,0,1,1301,2,0
1,259,0,0,0,0,0,1,784,2,0
1,129,0,0,0,0,0,0,1415,1,0
1,249,0,0,0,0,0,1,3107,2,0
0,380,0,0,0,0,0,0,4483,3,0
0,140,0,0,0,0,0,0,2075,3,0
1,245,0,0,0,0,0,1,4883,2,0
0,310,0,0,0,0,0,1,402,0,0
1,154,0,0,0,0,0,0,3736,1,0
1,14,0,0,0,0,0,1,1845,2,0
1,368,0,0,0,0,0,1,2483,2,0
0,41,0,0,0,0,0,1,4248,0,0
1,326,0,0,0,0,0,0,1654,1,0
0,334,0,0,0,0,0,1,2581,0,0
0,360,0,0,0,0,0,1,3695,0,0
0,194,0,0,0,0,0,1,1059,0,0
1,194,0,0,0,0,0,0,3688,1,0
0,5,0,0,0,0,0,1,1243,0,0
0,340,0,0,0,0,0,0,1356,3,0
1,208,0,0,0,0,0,1,3145,2,0
0,162,0,0,0,0,0,0,967,3,0
1,260,0,0,0,0,0,0,466,1,0
1,349,0,0,0,0,0,1,478,2,0
1,261,0,0,0,0,0,1,2508,2,0
1,132,0,0,0,0,0,1,139,2,0
0,371,0,0,0,0,0,1,1201,0,0
1,39,0,0,0,0,0,1,472,2,0
1,259,0,0,0,0,0,1,3084,2,0
1,136,0,0,0,0,0,1,413,2,0
0,67,0,0,0,0,0,1,29,0,0
0,362,0,0,0,0,0,0,4912,3,0
0,124,0,0,0,0,0,1,2999,0,0
0,185,0,0,0,0,0,1,3480,0,0
0,379,0,0,0,0,0,0,2427,3,0
1,291,0,0,0,0,0,0,1125,1,0
1,328,0,0,0,0,0,1,3590,2,0
0,338,0,0,0,0,0,0,3305,3,0
0,321,0,0,0,0,0,1,1128,0,0
0,267,0,0,0,0,0,0,1708,3,0
1,285,0,0,0,0,0,1,1544,2,0
1,111,0,0,0,0,0,0,2068,1,0
1,46,0,0,0,0,0,0,656,1,0
0,214,0,0,0,0,0,1,3622,0,0
1,247,0,0,0,0,0,0,661,1,0
1,56,0,0,0,0,0,1,3776,2,0
1,36,0,0,0,0,0,0,3358,1,0
0,133,0,0,0,0,0,1,4868,0,0
1,309,0,0,0,0,0,0,917,1,0
0,257,0,0,0,0,0,1,511,0,0
1,377,0,0,0,0,0,1,4251,2,0
1,218,0,0,0,0,0,1,2784,2,0
1,19,0,0,0,0,0,1,4864,2,0
0,124,0,0,0,0,0,1,4045,0,0
0,51,0,0,0,0,0,1,3808,0,0
1,144,0,0,0,0,0,1,3131,2,0
1,157,0,0,0,0,0,1,4933,2,0
0,42,0,0,0,0,0,0,1992,3,0
0,224,0,0,0,0,0,1,4599,0,0
0,210,0,0,0,0,0,1,1831,0,0
1,398,0,0,0,0,0,1,4111,2,0
0,378,0,0,0,0,0,0,2740,3,0
1,263,0,0,0,0,0,1,2386,2,0
0,185,0,0,0,0,0,0,1817,3,0
0,40,0,0,0,0,0,0,3073,3,0
0,49,0,0,0,0,0,0,896,3,0
0,78,0,0,0,0,0,1,1720,0,0
1,161,0,0,0,0,0,0,935,1,0
0,109,0,0,0,0,0,1,8,0,0
1,116,0,0,0,0,0,1,4349,2,0
0,66,0,0,0,0,0,0,1995,3,0
1,152,0,0,0,0,0,1,2206,2,0
1,122,0,0,0,0,0,1,144,2,0
1,97,0,0,0,0,0,1,1978,2,0
1,13,0,0,0,0,0,1,2556,2,0
1,193,0,0,0,0,0,1,852,2,0
1,148,0,0,0,0,0,0,2288,1,1
0,250,0,0,0,0,0,1,4414,0,0
0,332,0,0,0,0,0,0,3179,3,0
1,329,0,0,0,0,0,0,3427,1,0
1,131,0,0,0,0,0,1,2939,2,0
0,153,0,0,0,0,0,0,1392,3,0
1,112,0,0,0,0,0,0,1702,1,0
1,64,0,0,0,0,0,0,2289,1,0
0,20,0,0,0,0,0,0,1987,3,0
0,338,0,0,0,0,0,0,843,3,0
0,346,0,0,0,0,0,1,1450,0,0
1,136,0,0,0,0,0,1,631,2,0
0,13,0,0,0,0,0,0,4513,3,0
0,231,0,0,0,0,0,1,3474,0,0
1,150,0,0,0,0,0,1,723,2,0
1,370,0,0,0,0,0,1,889,2,0
1,109,0,0,0,0,0,0,4934,1,0
0,335,0,0,0,0,0,1,3806,0,0
1,16,0,0,0,0,0,0,2879,1,0
0,172,0,0,0,0,0,1,3454,0,0
1,385,0,0,0,0,0,0,2303,1,0
0,358,0,0,0,0,0,1,3099,0,0
1,205,0,0,0,0,0,1,3451,2,0
1,49,0,0,0,0,0,1,3740,2,0
0,108,0,0,0,0,0,0,315,3,0
0,211,0,0,0,0,0,1,479,0,0
1,280,0,0,0,0,0,0,4705,1,0
0,210,0,0,0,0,0,0,1492,3,0
1,112,0,0,0,0,0,0,2091,1,0
0,290,0,0,0,0,0,0,4049,3,0
1,190,0,0,0,0,0,1,1248,2,0
1,101,0,0,0,0,0,1,331,2,0
0,197,0,0,0,0,0,1,3203,0,0
1,337,0,0,0,0,0,0,4142,1,1
0,41,0,0,0,0,0,0,3513,3,0
0,113,0,0,0,0,0,1,556,0,0
0,118,0,0,0,0,0,1,2335,0,0
0,7,0,0,0,0,0,1,3105,0,0
0,150,0,0,0,0,0,1,1382,0,0
0,287,0,0,0,0,0,1,1844,0,0
0,214,0,0,0,0,0,0,3641,3,0
0,192,0,0,0,0,0,0,2766,3,0
0,85,0,0,0,0,0,1,2497,0,0
1,250,0,0,0,0,0,0,223,1,0
1,306,0,0,0,0,0,0,1454,1,1
1,272,0,0,0,0,0,0,3064,1,0
0,210,0,0,0,0,0,1,4588,0,0
1,74,0,0,0,0,0,0,1024,1,0
0,33,0,0,0,0,0,1,60,0,0
1,280,0,0,0,0,0,0,3045,1,0
0,355,0,0,0,0,0,1,3407,0,0
1,341,0,0,0,0,0,0,1224,1,0
1,49,0,0,0,0,0,1,2467,2,0
0,163,0,0,0,0,0,1,4893,0,0
0,355,0,0,0,0,0,0,3124,3,0
1,344,0,0,0,0,0,1,1355,2,0
0,387,0,0,0,0,0,1,1673,0,0
0,0,0,0,0,0,0,1,1786,0,0
1,375,0,0,0,0,0,0,4792,1,0
0,316,0,0,0,0,0,0,4996,3,0
0,27,0,0,0,0,0,1,2352,0,0
0,129,0,0,0,0,0,1,58,0,0
0,176,0,0,0,0,0,1,2827,0,0
1,56,0,0,0,0,0,0,4663,1,0
0,249,0,0,0,0,0,1,393,0,0
1,31,0,0,0,0,0,0,1871,1,0
1,137,0,0,0,0,0,1,4789,2,0
1,271,0,0,0,0,0,0,3834,1,0
0,271,0,0,0,0,0,1,2401,0,0
1,123,0,0,0,0,0,1,3064,2,0
0,56,0,0,0,0,0,1,232,0,0
0,292,0,0,0,0,0,0,593,3,0
0,32,0,0,0,0,0,1,783,0,0
0,143,0,0,0,0,0,0,434,3,0
1,161,0,0,0,0,0,1,975,2,0
0,146,0,0,0,0,0,1,515,0,0
0,245,0,0,0,0,0,0,3575,3,0
1,164,0,0,0,0,0,0,1344,1,0
0,321,0,0,0,0,0,0,1563,3,0
1,382,0,0,0,0,0,0,302,1,0
0,115,0,0,0,0,0,0,1101,3,0
0,45,0,0,0,0,0,1,27,0,0
0,158,0,0,0,0,0,1,3524,0,0
1,116,0,0,0,0,0,0,815,1,0
1,165,0,0,0,0,0,1,2026,2,0
0,359,0,0,0,0,0,1,4775,0,0
1,122,0,0,0,0,0,1,1551,2,0
0,19,0,0,0,0,0,0,4237,3,0
0,306,0,0,0,0,0,1,2479,0,0
1,243,0,0,0,0,0,1,4229,2,0
0,217,0,0,0,0,0,0,834,3,0
0,177,0,0,0,0,0,1,1102,0,0
0,315,0,0,0,0,0,1,579,0,0
1,383,0,0,0,0,0,0,1175,1,0
1,78,0,0,0,0,0,0,3257,1,0
1,311,0,0,0,0,0,0,3859,1,0
0,84,0,0,0,0,0,1,2935,0,0
1,210,0,0,0,0,0,1,4358,2,0
0,41,0,0,0,0,0,1,2722,0,0
0,304,0,0,0,0,0,1,3337,0,0
1,179,0,0,0,0,0,0,2523,1,0
0,340,0,0,0,0,0,1,75,0,0
1,125,0,0,0,0,0,1,3604,2,0
0,7,0,0,0,0,0,0,2467,3,0
