M_HBUSREQ,M_HADDR,M_HTRANS,M_HSIZE,M_HBURST,M_HPROT,M_HLOCK,M_HWRITE,M_HWDATA,Coverage
1,305,0,0,6,0,0,1,204,0
0,165,0,0,6,0,0,1,204,0
0,270,0,0,6,0,0,1,204,0
1,190,0,0,6,0,0,1,204,0
0,0,0,0,6,0,0,1,204,0
0,200,0,0,6,0,0,1,204,0
0,205,0,0,6,0,0,1,204,0
1,110,0,0,6,0,0,1,204,0
0,199,0,0,6,0,0,1,204,0
1,60,0,0,6,0,0,1,204,0
1,389,0,0,6,0,0,1,204,0
0,250,0,0,6,0,0,1,204,0
0,210,0,0,6,0,0,1,204,0
1,144,0,0,6,0,0,1,204,0
0,267,0,0,6,0,0,1,204,0
0,299,0,0,6,0,0,1,204,0
1,123,0,0,6,0,0,1,204,0
0,247,0,0,6,0,0,1,204,0
0,170,0,0,6,0,0,1,204,0
0,280,0,0,6,0,0,1,204,0
1,301,0,0,6,0,0,1,204,0
1,80,0,0,6,0,0,1,204,0
1,149,0,0,6,0,0,1,204,0
0,190,0,0,6,0,0,1,204,0
0,151,0,0,6,0,0,1,204,0
0,100,0,0,6,0,0,1,204,0
1,50,0,0,6,0,0,1,204,0
1,9,0,0,6,0,0,1,204,0
0,0,0,0,0,0,0,0,0,1
0,130,0,0,1,0,0,0,181,1
0,144,0,0,0,0,0,1,985,1
0,88,0,0,1,0,0,1,76,1
0,105,0,0,3,0,0,1,619,1
0,329,0,0,7,0,0,1,919,1
0,145,0,0,2,0,0,0,410,1
0,26,0,0,0,0,0,0,107,1
0,334,0,0,3,0,0,0,767,1
0,349,0,0,2,0,0,0,102,1
0,103,0,0,1,0,0,1,662,1
0,125,0,0,5,0,0,0,584,1
0,380,0,0,7,0,0,0,722,1
0,68,0,0,0,0,0,1,648,1
0,10,0,0,2,0,0,0,469,1
0,353,0,0,5,0,0,0,709,1
0,36,0,0,2,0,0,1,210,1
0,306,0,0,2,0,0,0,17,1
0,117,0,0,5,0,0,1,231,1
0,58,0,0,1,0,0,1,87,1
0,93,0,0,6,0,0,1,968,1
0,394,0,0,0,0,0,1,883,1
0,369,0,0,0,0,0,0,442,1
0,374,0,0,2,0,0,0,525,1
0,110,0,0,1,0,0,1,567,1
0,45,0,0,0,0,0,1,88,1
0,72,0,0,4,0,0,0,846,1
0,316,0,0,3,0,0,0,102,1
0,137,0,0,2,0,0,0,722,1
0,123,0,0,6,0,0,1,204,1
1,123,0,0,6,0,0,1,204,0
1,9,0,0,6,0,0,1,204,0
1,50,0,0,6,0,0,1,204,0
1,305,0,0,6,0,0,1,204,0
1,110,0,0,6,0,0,1,204,0
1,80,0,0,6,0,0,1,204,0
1,60,0,0,6,0,0,1,204,0
1,389,0,0,6,0,0,1,204,0
1,144,0,0,6,0,0,1,204,0
1,301,0,0,6,0,0,1,204,0
1,149,0,0,6,0,0,1,204,0
1,170,0,0,6,0,0,1,204,0
1,190,0,0,6,0,0,1,204,0
1,210,0,0,6,0,0,1,204,0
0,210,0,0,6,0,0,1,204,0
0,205,0,0,6,0,0,1,204,0
0,299,0,0,6,0,0,1,204,0
0,151,0,0,6,0,0,1,204,0
0,270,0,0,6,0,0,1,204,0
0,100,0,0,6,0,0,1,204,0
0,0,0,0,6,0,0,1,204,0
0,280,0,0,6,0,0,1,204,0
0,190,0,0,6,0,0,1,204,0
0,200,0,0,6,0,0,1,204,0
0,250,0,0,6,0,0,1,204,0
0,247,0,0,6,0,0,1,204,0
0,170,0,0,6,0,0,1,204,0
0,165,0,0,6,0,0,1,204,0
0,199,0,0,6,0,0,1,204,0
0,267,0,0,6,0,0,1,204,0
0,0,0,0,0,0,0,0,0,1
0,130,0,0,1,0,0,0,181,1
0,144,0,0,0,0,0,1,985,1
0,88,0,0,1,0,0,1,76,1
0,105,0,0,3,0,0,1,619,1
0,329,0,0,7,0,0,1,919,1
0,145,0,0,2,0,0,0,410,1
0,26,0,0,0,0,0,0,107,1
0,334,0,0,3,0,0,0,767,1
0,349,0,0,2,0,0,0,102,1
0,103,0,0,1,0,0,1,662,1
0,125,0,0,5,0,0,0,584,1
0,380,0,0,7,0,0,0,722,1
0,68,0,0,0,0,0,1,648,1
0,384,0,0,4,0,0,1,916,1
0,129,0,0,6,0,0,0,882,1
0,10,0,0,2,0,0,0,469,1
0,353,0,0,5,0,0,0,709,1
0,140,0,0,7,0,0,0,270,1
0,36,0,0,2,0,0,1,210,1
0,323,0,0,2,0,0,0,87,1
0,338,0,0,4,0,0,1,608,1
0,306,0,0,2,0,0,0,17,1
0,17,0,0,1,0,0,0,913,1
0,117,0,0,5,0,0,1,231,1
0,148,0,0,0,0,0,1,706,1
0,58,0,0,1,0,0,1,87,1
0,386,0,0,7,0,0,0,902,1
0,93,0,0,6,0,0,1,968,1
0,394,0,0,0,0,0,1,883,1
0,369,0,0,0,0,0,0,442,1
0,383,0,0,2,0,0,1,864,1
0,25,0,0,7,0,0,0,749,1
0,331,0,0,3,0,0,1,794,1
0,352,0,0,6,0,0,1,823,1
0,374,0,0,2,0,0,0,525,1
0,370,0,0,1,0,0,1,222,1
0,300,0,0,7,0,0,1,263,1
0,109,0,0,6,0,0,1,984,1
0,322,0,0,4,0,0,1,269,1
0,110,0,0,1,0,0,1,567,1
0,131,0,0,1,0,0,1,582,1
0,376,0,0,2,0,0,0,239,1
0,118,0,0,6,0,0,1,455,1
0,308,0,0,3,0,0,0,883,1
0,9,0,0,2,0,0,0,948,1
0,45,0,0,0,0,0,1,88,1
0,364,0,0,2,0,0,0,959,1
0,54,0,0,2,0,0,0,966,1
0,8,0,0,1,0,0,0,200,1
0,72,0,0,4,0,0,0,846,1
0,371,0,0,4,0,0,1,884,1
0,53,0,0,6,0,0,0,714,1
0,301,0,0,1,0,0,0,464,1
0,316,0,0,3,0,0,0,102,1
0,356,0,0,5,0,0,0,371,1
0,108,0,0,5,0,0,1,638,1
0,39,0,0,5,0,0,0,204,1
0,332,0,0,6,0,0,1,961,1
0,42,0,0,5,0,0,0,400,1
0,22,0,0,7,0,0,0,102,1
0,137,0,0,2,0,0,0,722,1
0,367,0,0,6,0,0,1,872,1
0,340,0,0,3,0,0,1,208,1
0,319,0,0,0,0,0,1,155,1
0,75,0,0,0,0,0,1,176,1
0,312,0,0,2,0,0,0,174,1
0,74,0,0,3,0,0,0,730,1
0,142,0,0,5,0,0,1,834,1
0,61,0,0,2,0,0,0,613,1
0,81,0,0,1,0,0,1,969,1
0,330,0,0,4,0,0,1,622,1
0,12,0,0,1,0,0,0,539,1
0,149,0,0,7,0,0,0,892,1
0,375,0,0,3,0,0,1,772,1
0,101,0,0,0,0,0,0,53,1
0,355,0,0,6,0,0,1,631,1
0,346,0,0,1,0,0,0,302,1
0,123,0,0,6,0,0,1,204,1
0,49,0,0,0,0,0,1,935,1
0,354,0,0,7,0,0,0,470,1
0,362,0,0,6,0,0,0,998,1
0,128,0,0,3,0,0,0,574,1
0,52,0,0,4,0,0,1,500,1
0,37,0,0,2,0,0,0,351,1
0,373,0,0,2,0,0,0,245,1
0,46,0,0,2,0,0,0,557,1
0,136,0,0,7,0,0,1,679,1
0,311,0,0,2,0,0,0,253,1
0,385,0,0,1,0,0,1,101,1
0,29,0,0,5,0,0,0,962,1
0,63,0,0,2,0,0,1,151,1
0,28,0,0,4,0,0,1,826,1
0,69,0,0,7,0,0,0,39,1
0,382,0,0,5,0,0,0,248,1
0,305,0,0,2,0,0,1,402,1
0,357,0,0,0,0,0,0,473,1
0,339,0,0,6,0,0,1,307,1
0,1,0,0,1,0,0,0,482,1
0,141,0,0,1,0,0,1,569,1
0,27,0,0,0,0,0,1,16,1
0,115,0,0,1,0,0,1,695,1
0,363,0,0,5,0,0,1,671,1
0,67,0,0,2,0,0,1,778,1
0,302,0,0,6,0,0,1,488,1
0,62,0,0,3,0,0,0,559,1
0,32,0,0,6,0,0,0,644,1
0,119,0,0,7,0,0,1,468,1
0,120,0,0,6,0,0,1,530,1
0,44,0,0,2,0,0,0,948,1
0,3,0,0,0,0,0,0,154,1
0,34,0,0,1,0,0,1,477,1
0,6,0,0,0,0,0,0,296,1
0,365,0,0,6,0,0,0,174,1
0,16,0,0,4,0,0,1,651,1
0,55,0,0,5,0,0,1,533,1
0,56,0,0,3,0,0,0,842,1
0,377,0,0,6,0,0,1,504,1
0,358,0,0,4,0,0,1,916,1
0,76,0,0,3,0,0,1,441,1
0,57,0,0,2,0,0,1,966,1
0,139,0,0,0,0,0,0,221,1
0,318,0,0,5,0,0,1,363,1
0,135,0,0,3,0,0,0,486,1
0,327,0,0,4,0,0,1,209,1
0,147,0,0,5,0,0,0,72,1
0,121,0,0,5,0,0,0,580,1
0,65,0,0,5,0,0,0,352,1
0,43,0,0,2,0,0,1,329,1
0,35,0,0,6,0,0,1,92,1
0,24,0,0,4,0,0,1,777,1
0,83,0,0,2,0,0,0,437,1
0,350,0,0,6,0,0,0,880,1
0,7,0,0,7,0,0,0,23,1
0,337,0,0,1,0,0,1,754,1
0,341,0,0,4,0,0,1,116,1
0,366,0,0,5,0,0,1,353,1
0,107,0,0,0,0,0,0,989,1
0,328,0,0,5,0,0,1,327,1
0,379,0,0,6,0,0,0,255,1
0,122,0,0,2,0,0,1,494,1
0,78,0,0,5,0,0,0,921,1
0,114,0,0,5,0,0,1,622,1
0,2,0,0,5,0,0,0,11,1
0,333,0,0,6,0,0,0,783,1
0,388,0,0,6,0,0,1,339,1
0,82,0,0,4,0,0,1,15,1
0,20,0,0,1,0,0,1,347,1
0,31,0,0,1,0,0,0,27,1
0,13,0,0,6,0,0,0,415,1
0,64,0,0,3,0,0,0,900,1
0,80,0,0,6,0,0,1,171,1
0,70,0,0,7,0,0,1,510,1
0,372,0,0,0,0,0,0,72,1
0,348,0,0,1,0,0,0,262,1
0,116,0,0,4,0,0,1,934,1
0,71,0,0,2,0,0,1,336,1
0,18,0,0,6,0,0,0,896,1
0,310,0,0,0,0,0,1,287,1
0,124,0,0,7,0,0,1,484,1
0,102,0,0,1,0,0,1,860,1
0,309,0,0,1,0,0,1,277,1
0,14,0,0,2,0,0,0,248,1
0,359,0,0,7,0,0,1,804,1
0,111,0,0,4,0,0,1,433,1
0,324,0,0,6,0,0,0,669,1
0,84,0,0,6,0,0,1,355,1
0,336,0,0,6,0,0,0,806,1
0,143,0,0,2,0,0,0,985,1
0,4,0,0,4,0,0,1,535,1
0,360,0,0,3,0,0,1,928,1
0,347,0,0,1,0,0,1,947,1
0,150,0,0,5,0,0,1,60,1
0,77,0,0,4,0,0,0,478,1
0,48,0,0,1,0,0,1,474,1
0,11,0,0,3,0,0,1,605,1
0,59,0,0,1,0,0,0,609,1
0,326,0,0,6,0,0,1,413,1
0,138,0,0,4,0,0,1,317,1
0,86,0,0,3,0,0,0,624,1
0,361,0,0,3,0,0,1,265,1
0,5,0,0,4,0,0,0,458,1
0,15,0,0,3,0,0,0,598,1
0,85,0,0,7,0,0,1,85,1
0,317,0,0,3,0,0,1,460,1
0,307,0,0,6,0,0,1,249,1
0,33,0,0,2,0,0,1,593,1
0,303,0,0,1,0,0,1,780,1
0,313,0,0,4,0,0,0,157,1
0,41,0,0,1,0,0,1,155,1
0,51,0,0,0,0,0,1,743,1
0,19,0,0,3,0,0,0,334,1
0,30,0,0,7,0,0,0,334,1
0,40,0,0,1,0,0,1,757,1
0,60,0,0,5,0,0,1,53,1
0,320,0,0,6,0,0,0,949,1
0,343,0,0,6,0,0,1,507,1
0,378,0,0,1,0,0,1,283,1
0,381,0,0,7,0,0,0,880,1
0,21,0,0,5,0,0,1,516,1
0,321,0,0,1,0,0,0,226,1
0,342,0,0,0,0,0,1,773,1
0,345,0,0,7,0,0,1,330,1
0,351,0,0,7,0,0,1,854,1
0,314,0,0,5,0,0,0,931,1
0,335,0,0,4,0,0,1,181,1
0,38,0,0,6,0,0,1,144,1
0,23,0,0,0,0,0,0,255,1
0,132,0,0,6,0,0,0,224,1
0,134,0,0,3,0,0,0,684,1
0,126,0,0,5,0,0,0,61,1
0,79,0,0,6,0,0,0,674,1
0,66,0,0,4,0,0,0,235,1
0,73,0,0,5,0,0,0,641,1
0,112,0,0,6,0,0,0,23,1
0,127,0,0,2,0,0,0,526,1
0,47,0,0,7,0,0,0,430,1
0,50,0,0,4,0,0,1,63,1
0,146,0,0,3,0,0,1,911,1
0,104,0,0,2,0,0,0,575,1
0,133,0,0,0,0,0,0,393,1
0,315,0,0,6,0,0,1,151,1
0,387,0,0,3,0,0,0,722,1
0,113,0,0,6,0,0,0,950,1
0,344,0,0,3,0,0,0,988,1
0,304,0,0,1,0,0,1,195,1
0,87,0,0,7,0,0,1,385,1
0,106,0,0,6,0,0,1,755,1
0,368,0,0,0,0,0,1,214,1
0,100,0,0,3,0,0,0,866,1
0,325,0,0,1,0,0,0,643,1